-- phpMyAdmin SQL Dump
-- version 4.5.1
-- http://www.phpmyadmin.net
--
-- Servidor: 127.0.0.1
-- Tiempo de generación: 30-11-2017 a las 11:08:10
-- Versión del servidor: 10.1.10-MariaDB
-- Versión de PHP: 5.6.19

SET SQL_MODE = "NO_AUTO_VALUE_ON_ZERO";
SET time_zone = "+00:00";


/*!40101 SET @OLD_CHARACTER_SET_CLIENT=@@CHARACTER_SET_CLIENT */;
/*!40101 SET @OLD_CHARACTER_SET_RESULTS=@@CHARACTER_SET_RESULTS */;
/*!40101 SET @OLD_COLLATION_CONNECTION=@@COLLATION_CONNECTION */;
/*!40101 SET NAMES utf8mb4 */;

--
-- Base de datos: `s3w_votaciones`
--
CREATE DATABASE IF NOT EXISTS `s3w_votaciones` DEFAULT CHARACTER SET utf8 COLLATE utf8_general_ci;
USE `s3w_votaciones`;

-- --------------------------------------------------------

--
-- Estructura de tabla para la tabla `eventos`
--

CREATE TABLE `eventos` (
  `id` int(11) NOT NULL,
  `evento` varchar(100) NOT NULL,
  `codigo_acceso` varchar(20) DEFAULT NULL,
  `fecha_inicio` datetime DEFAULT NULL,
  `fecha_fin` datetime DEFAULT NULL,
  `activo` tinyint(1) DEFAULT NULL,
  `tiempo` varchar(4) DEFAULT '0',
  `theme` int(1) DEFAULT '0',
  `musica` varchar(192) DEFAULT NULL
) ENGINE=InnoDB DEFAULT CHARSET=utf8;

--
-- Volcado de datos para la tabla `eventos`
--

INSERT INTO `eventos` (`id`, `evento`, `codigo_acceso`, `fecha_inicio`, `fecha_fin`, `activo`, `tiempo`, `theme`, `musica`) VALUES
(19, 'Evento 0903', '1234', '2017-03-17 14:28:46', '2017-03-17 14:28:50', 1, '30', 0, 'Jet - Are You Gonna Be My Girl.mp3'),
(25, 'Epidemiologia de las Infecciones Oportunistas en España en pacientes infectados por VIH', 'gesiggg', '2017-03-20 14:00:00', '2017-03-20 15:00:00', 0, '0', 0, NULL),
(27, 'Respirapción', 'CS02', '2017-03-27 19:00:00', '2017-03-27 20:00:00', 1, '5', 1, '13.wav'),
(28, 'Coinfección por VIH/VHC - Estado del arte en 2017', 'gesida17', '2017-03-29 16:00:00', '2017-03-29 20:00:00', 1, '0', 0, NULL),
(29, 'GruMAV', 'grumav17', '2017-05-26 12:30:00', '2017-05-26 13:00:00', 1, '0', 1, NULL);

-- --------------------------------------------------------

--
-- Estructura de tabla para la tabla `preguntas`
--

CREATE TABLE `preguntas` (
  `id` int(11) NOT NULL,
  `id_evento` int(11) NOT NULL,
  `pregunta` text NOT NULL,
  `tiempo_responder` int(11) DEFAULT '0',
  `activo` int(1) DEFAULT '0',
  `orden` int(11) DEFAULT '0'
) ENGINE=InnoDB DEFAULT CHARSET=utf8;

--
-- Volcado de datos para la tabla `preguntas`
--

INSERT INTO `preguntas` (`id`, `id_evento`, `pregunta`, `tiempo_responder`, `activo`, `orden`) VALUES
(8, 17, 'Quisque feugiat massa ut neque molestie, eget blandit nisl mollis. Quisque vitae pulvinar nisi, ac ornare magna. Pellentesque finibus convallis aliquam. Duis bibendum convallis nisl ac tincidunt. ', 2, 0, 6),
(9, 17, 'Integer quis eros dolor. Phasellus et nisi orci. ', 6, 0, 7),
(10, 14, 'Vestibulum sed ante a turpis dignissim consectetur. Suspendisse eget nibh nulla. Vestibulum ante ipsum primis in faucibus orci luctus et ultrices posuere cubilia Curae', 6, 0, 2),
(11, 17, 'Donec scelerisque nunc nec leo sollicitudin, vitae ornare mauris mattis. Aenean id congue sapien. Nam molestie erat id tristique gravida.', 0, 0, 1),
(24, 17, ' Sed luctus nec dolor vel venenatis. Sed molestie tortor sed ante efficitur tempus. ', 3, 0, 4),
(25, 17, 'Mauris at urna vitae tortor elementum venenatis', 7, 0, 8),
(26, 17, ' Morbi fermentum, dui quis congue blandit, nisl dolor vestibulum nibh, sit amet aliquet felis est cursus lacus', 5, 1, 5),
(27, 17, 'Etiam scelerisque porttitor mauris, in rhoncus augue vestibulum sit amet.', 1, 0, 3),
(29, 14, 'Mauris metus arcu, ultricies at maximus sit amet, dictum condimentum quam.', 11, 0, 4),
(32, 18, 'Vitae placerat nisi rutrum accumsan. Aliquam hendrerit facilisis tempus', 28, 1, 1),
(33, 17, 'Vivamus iaculis massa mattis ante fringilla porttitor. Cras scelerisque justo ipsum', 50, 0, 2),
(34, 14, ' Nunc fermentum libero sit amet accumsan congue. Vivamus in euismod magna, eget ultrices orci. Sed ex quam, vulputate vel euismod non, placerat id erat. Aliquam tempor orci ac rhonc', 60, 0, 3),
(35, 14, ' Maecenas malesuada tellus tortor, ac interdum sapien fermentum sed. Ut aliquam sem nulla', 12, 0, 1),
(36, 14, 'Lorem ipsum dolor sit amet, consdsdsfsdectetuer adipiscing elit. Aenean commodo ligula eget dolor. Aenean massa. Cum sociis natoque penatibus et magnis dis parturient montes.', 12, 0, 5),
(37, 14, 'Vestibulum laoreet est felis, sed sagittis orci sagittis ac', 2, 0, 6),
(38, 14, 'Etiam ac odio sem.', 0, 0, 7),
(41, 19, 'p2 Quisque at tincidunt risus. ', 0, 0, 2),
(42, 19, 'p1  Fusce scelerisque massa eget euismod varius. ', 0, 0, 1),
(48, 19, 'p4 ut vestibulum sapien quam sit amet nistrato', 0, 1, 4),
(50, 19, 'p3 Vivamus mollis, odio non venenatis dignissim, lacus dui porttitor anterior', 0, 0, 3),
(51, 19, ' Donec felis leo, malesuada in varius vulputate, ultrices ut eros.', 0, 0, 5),
(53, 19, 'Phasellus vitae justo viverra, tincidunt dolor id, sagittis magna. ', 0, 0, 6),
(54, 19, 'Morbi facilisis urna augue, a ullamcorper ex vestibulum nec.', 0, 0, 7),
(55, 19, 'Integer sem enim, mattis a arcu nec, viverra interdum massa.', 0, 0, 8),
(56, 19, 'Vivamus quis risus ac eros maximus faucibus id nec leo', 0, 0, 10),
(57, 19, 'Lorem ipsum dolor sit amet, consectetur adipiscing elit', 0, 0, 9),
(58, 25, '¿Qué proporción de diagnostico tardío tenemos en España?', 0, 0, 1),
(59, 25, 'En la actualidad con TAR disponible, en los pacientes con diagnóstico tardío (DT) ¿Qué cree que es cierto en relación con la mortalidad?', 0, 0, 2),
(60, 25, '¿En qué pensarías?', 0, 0, 3),
(61, 25, '¿Cuál de las siguientes exploraciones considera urgente en la Sala de Urgencias, además de una serología de VIH?', 0, 0, 4),
(62, 25, 'Respecto a la confirmación del diagnóstico virológico en nuestro caso, señale la respuesta correcta. ', 0, 0, 5),
(63, 25, 'Respecto al tratamiento y prevención de la enfermedad citomegálica en pacientes con infección por VIH e inmunodeficiencia grave, señale la respuesta incorrecta', 0, 0, 6),
(64, 25, 'El clínico plantea las siguientes posibilidades diagnósticas, señale cuál sería en su opinión la más plausible:', 0, 0, 8),
(65, 25, 'Con esta radiología que diagnósticos valoraríais', 0, 0, 9),
(66, 25, 'Y que otras pruebas  pediríais', 0, 0, 10),
(67, 25, '¿Y qué actitud tomaríais?', 0, 0, 7),
(68, 27, 'Caso número 1', 0, 0, 3),
(69, 27, 'Caso número 2', 0, 0, 2),
(70, 27, 'Caso número 3', 0, 0, 4),
(71, 27, 'Paciente de 50 años fumador, etiquetado de EPOC que acude por disnea a pesar del tratamiento. ¿Qué haría usted?', 0, 0, 5),
(72, 27, 'Si este paciente acude a su consulta. ¿Qué actuación le parece más correcta?', 0, 0, 6),
(73, 27, 'Si este paciente acude a su consulta. ¿Qué actuación le parece más correcta?', 0, 0, 7),
(78, 28, '¿Con los instrumentos actuales, es la hepatitis C una enfermedad erradicable?', 0, 0, 2),
(79, 28, 'Respecto a la transmisión sexual de la infección por VHC', 0, 0, 3),
(80, 28, 'En la historia natural de la infección por VHC', 0, 0, 4),
(81, 28, '¿Cuál de las siguientes situaciones no es cierta?', 0, 0, 5),
(82, 28, '¿Existe un punto de no retorno en el daño hepático?', 0, 0, 6),
(83, 28, '¿Cuál es la afirmación correcta?', 0, 0, 7),
(84, 28, '¿Cuál es la afirmación correcta?', 0, 0, 8),
(85, 28, '¿Cuál de las afirmaciones es cierta?', 0, 0, 9),
(86, 28, '¿Cuál de las afirmaciones es cierta?', 0, 0, 10),
(87, 28, 'Resistencias: ¿VHC=VIH?', 0, 0, 14),
(88, 28, '¿Cómo debemos interpretar los datos?', 0, 0, 15),
(89, 28, 'Resistencias basales: ¿Cuándo, cómo, para qué? <p class="posth1" style="font-size: 22px;">To avoid overtreatment - To achieve the highest SVR rates </p>', 0, 0, 16),
(90, 28, 'Resistencias en fracaso', 0, 0, 17),
(91, 28, 'Resistencias y fracaso del tratamiento', 0, 0, 18),
(92, 27, '<p>Cabecera de la pregunta</p>\n<ul>\n<li>C&uacute;alo de estos <span style="font-size: 18pt; color: #00ffff;">cantantes</span> sigue vivos?</li>\n<li>SEgunda</li>\n<li>TErcera</li>\n</ul>', 0, 0, 1),
(93, 28, '¿Cúal de estos cantantes sigue vivo?', 0, 0, 1),
(94, 28, '¿Por qué la efectividad de los tratamientos con AADs es mayor que la de pautas basadas en IF?', 0, 0, 11),
(95, 28, 'En la coinfección por VIH y VHC', 0, 0, 12),
(96, 28, 'En pacientes infectados por VHC, no cirróticos, tratados con AADs y recaída ', 0, 0, 13),
(97, 29, '¿Cuál de estos cantantes sigue vivo?', 0, 0, 1),
(99, 29, '¿Qué debe incluir una inserción de catéter venoso central con máximas protecciones de barrera?', 0, 0, 2),
(100, 29, '¿Con qué tipo de sustancia, según indican las INS, se debería solicitar el consentimiento informado si administramos IV?', 0, 0, 3),
(101, 29, '¿Qué estrategia intrahospitalaria es recomendable para que se cumplan sencillas indicaciones para evitar complicaciones en catéteres venosos?', 0, 0, 4),
(102, 29, '¿Qué fármacos podemos administrar por una vía periférica de tipo cánula?', 0, 0, 5),
(103, 29, 'En los catéteres periféricos de inserción periférica podemos incluir:', 0, 0, 6),
(104, 29, '¿Cuál es el mejor acceso vascular en un paciente paliativo en cuidado domiciliar con administración de analgesia cada 4 horas?', 0, 0, 7),
(105, 29, '¿En qué tipo de catéter no existe evidencia suficiente con respecto a la extracción de muestra sanguínea?', 0, 0, 8),
(106, 29, '¿De qué manera disminuirías el riesgo de trombosis durante la inserción de un catéter venoso central o periférico?', 0, 0, 9);

-- --------------------------------------------------------

--
-- Estructura de tabla para la tabla `preguntas_history`
--

CREATE TABLE `preguntas_history` (
  `id` int(11) NOT NULL,
  `id_pregunta` int(11) NOT NULL,
  `fecha` datetime NOT NULL DEFAULT CURRENT_TIMESTAMP
) ENGINE=InnoDB DEFAULT CHARSET=utf8 COLLATE=utf8_general_ci;

--
-- Volcado de datos para la tabla `preguntas_history`
--

INSERT INTO `preguntas_history` (`id`, `id_pregunta`, `fecha`) VALUES
(1, 1, '2017-07-18 12:08:49'),
(2, 15, '2017-07-18 12:10:38'),
(3, 41, '2017-07-18 12:13:23'),
(4, 41, '2017-07-18 12:14:04'),
(115, 41, '2017-07-18 12:47:55'),
(116, 41, '2017-07-18 12:48:22'),
(117, 48, '2017-07-18 12:48:31'),
(118, 42, '2017-07-19 09:04:38'),
(119, 41, '2017-07-19 09:04:45'),
(120, 48, '2017-07-19 09:05:00'),
(121, 51, '2017-07-19 09:05:37'),
(122, 53, '2017-07-19 09:05:59'),
(123, 54, '2017-07-19 09:06:17'),
(124, 97, '2017-07-19 11:46:54'),
(125, 99, '2017-07-19 11:47:12'),
(126, 100, '2017-07-19 11:47:32'),
(127, 101, '2017-07-19 11:47:51'),
(128, 102, '2017-07-19 11:48:06'),
(129, 103, '2017-07-19 11:48:20'),
(130, 104, '2017-07-19 11:48:35'),
(131, 105, '2017-07-19 11:48:57'),
(132, 106, '2017-07-19 11:49:15'),
(133, 92, '2017-07-19 12:05:32'),
(134, 69, '2017-07-19 12:06:08'),
(135, 68, '2017-07-19 12:06:38'),
(136, 70, '2017-07-19 12:07:01'),
(137, 71, '2017-07-19 12:07:21'),
(138, 72, '2017-07-19 12:07:42'),
(139, 73, '2017-07-19 12:08:03'),
(140, 92, '2017-11-23 10:01:04'),
(141, 92, '2017-11-23 10:01:26'),
(142, 92, '2017-11-23 10:01:47'),
(143, 92, '2017-11-23 10:50:09'),
(144, 92, '2017-11-23 10:52:44'),
(145, 69, '2017-11-23 10:53:39'),
(146, 42, '2017-11-23 10:55:50'),
(147, 42, '2017-11-23 10:55:55'),
(148, 41, '2017-11-23 10:56:31'),
(149, 41, '2017-11-23 10:57:26'),
(150, 92, '2017-11-23 11:49:27'),
(151, 92, '2017-11-23 14:41:11'),
(152, 92, '2017-11-23 14:41:40'),
(153, 92, '2017-11-23 14:42:05'),
(154, 92, '2017-11-23 14:42:29'),
(155, 92, '2017-11-23 14:42:55'),
(156, 92, '2017-11-23 14:59:37'),
(157, 92, '2017-11-23 15:06:25'),
(158, 92, '2017-11-23 16:32:14'),
(159, 92, '2017-11-23 16:34:00'),
(160, 92, '2017-11-23 16:36:45'),
(161, 92, '2017-11-23 16:39:16'),
(162, 92, '2017-11-23 16:40:07'),
(163, 92, '2017-11-23 16:41:29'),
(164, 92, '2017-11-23 16:42:14'),
(165, 92, '2017-11-23 16:47:22'),
(166, 92, '2017-11-23 16:57:43'),
(167, 92, '2017-11-23 17:09:05'),
(168, 92, '2017-11-23 17:10:06'),
(169, 92, '2017-11-23 17:12:46'),
(170, 92, '2017-11-23 17:13:20'),
(171, 92, '2017-11-23 17:14:56'),
(172, 92, '2017-11-23 17:15:43'),
(173, 92, '2017-11-23 17:17:52'),
(174, 92, '2017-11-23 17:21:21'),
(175, 92, '2017-11-23 17:21:51'),
(176, 92, '2017-11-23 17:24:13'),
(177, 92, '2017-11-23 17:25:03'),
(178, 92, '2017-11-23 17:30:29'),
(179, 92, '2017-11-23 17:31:07'),
(180, 92, '2017-11-23 17:35:16'),
(181, 92, '2017-11-23 17:36:05'),
(182, 92, '2017-11-23 17:37:03'),
(183, 92, '2017-11-24 08:37:22'),
(184, 92, '2017-11-24 12:43:52'),
(185, 92, '2017-11-24 12:44:11'),
(186, 92, '2017-11-24 12:44:45'),
(187, 92, '2017-11-24 13:45:24'),
(188, 92, '2017-11-24 13:45:59'),
(189, 92, '2017-11-27 12:11:06');

-- --------------------------------------------------------

--
-- Estructura de tabla para la tabla `respuestas`
--

CREATE TABLE `respuestas` (
  `id` int(11) NOT NULL,
  `id_pregunta` int(11) NOT NULL,
  `respuesta` text NOT NULL,
  `es_correcta` int(11) NOT NULL DEFAULT '0',
  `orden` int(11) NOT NULL
) ENGINE=InnoDB DEFAULT CHARSET=utf8;

--
-- Volcado de datos para la tabla `respuestas`
--

INSERT INTO `respuestas` (`id`, `id_pregunta`, `respuesta`, `es_correcta`, `orden`) VALUES
(13, 8, 'Vestibulum pulvinar facilisis sagittis', 0, 1),
(14, 8, ' Vestibulum non tristique dui. Sed dapibus nibh non quam tempor, sed tincidunt turpis convallis', 0, 2),
(15, 8, 'Res23 lum bibendum interdu', 0, 3),
(16, 8, 'Ressim mi a interdum facilisis3', 0, 4),
(17, 9, 'Vivamus ac bibendum ', 0, 1),
(18, 9, ' Class aptent taciti sociosqu ad litora ', 0, 2),
(19, 9, 'Res3p lum bibendum interdu', 0, 3),
(20, 9, 'Res2pfficitur molestie jus', 0, 4),
(21, 10, 'a. Duis facilisis, lorem ac efficitur varius', 0, 1),
(22, 10, 'Rlandit, eros at mollises2', 0, 3),
(23, 10, 'torquent per conubia nostra, ', 1, 2),
(24, 11, 'enim elit pharetra ante, eu imperdiet dui velit a lacus.', 0, 1),
(25, 11, 'per inceptos himenaeos', 1, 2),
(26, 11, 'Res3landit, eros at mollis', 1, 3),
(68, 24, 'enim elit pharetra ante, eu imperdiet dui velit a lacus.', 0, 1),
(69, 24, 'Donec dictum lectus arcu', 0, 2),
(70, 24, 'landit, eros at mollisRes3', 0, 3),
(71, 25, 'Quisque a dui a leo pellentesque facilisis. ', 0, 1),
(72, 25, '222Donec dictum lectus arcu', 0, 2),
(73, 25, 'Rente, ornare eu est ls3', 0, 3),
(74, 26, 'Quisque a dui a leo pellentesque facilisis. ', 0, 1),
(75, 26, 'liquam vel posuere leo, ac condimentum nisi.', 0, 2),
(76, 26, 'Rente, ornare eu est ls344444', 0, 3),
(77, 26, '123fficitur molestie jus123', 0, 4),
(78, 27, 'Quisque feugiat massa ut neque molestie', 0, 1),
(79, 27, 'liquam vel posuere leo, ac condimentum nisi.', 0, 2),
(80, 27, 'Res1punte, ornare eu est l', 0, 3),
(81, 27, 'novi at aliquam ips', 0, 4),
(107, 29, ' eget blandit nisl mollis.', 0, 1),
(111, 29, '29liquam vel posuere leo, ac condimentum nisi.', 1, 2),
(112, 29, 'Renvallis. Integer qs3', 0, 3),
(124, 32, 'Res2nvallis. Integer q', 1, 3),
(125, 32, '. Quisque vitae pulvinar nisi, ac ornare magna', 0, 1),
(126, 32, ' Nunc sodales in ex quis convalli', 1, 2),
(127, 33, 'Iisque vitae pulvinar nisi, ac ornare magna', 1, 1),
(128, 33, 'Res21c habitasse platea dictums', 0, 3),
(129, 33, 'Re at aliquam ipss23', 0, 4),
(130, 33, 'ReMaecenas purus magns22', 1, 5),
(131, 33, 'Re5is. Integer quis elementum tortor. Vivamus fermentu', 1, 2),
(132, 33, 'Res6suere vitae velit congue', 0, 6),
(133, 33, 'Re Curabitur elit enim, vulputates2', 0, 7),
(134, 33, 'Res3t quis massa. Qui', 0, 8),
(135, 34, ' Pellentesque finibus convallis aliquam. Duis bibendum convallis nisl ac tincidunt', 0, 1),
(136, 34, 'ipsum, nulla lectus aliquam enim, ac aliquet sapien elit non turpis. ', 0, 2),
(137, 34, 'Rc habitasse platea dictumses3', 1, 3),
(138, 34, 'Ress in ex quis convallis. Integ1', 0, 4),
(139, 34, 'Res. Nam rutrum magna ', 0, 5),
(140, 35, 't vestibulum et non erat. S', 1, 1),
(141, 35, 'Vestibulum ante ipsum primis in faucibus orci l', 0, 2),
(142, 35, 'Res3llicitudin ac. Nam imp', 0, 3),
(143, 36, 'ascetur ridiculus mus. Donec quam felis, ultricies nec, pellentesque eu, pretium quis, sem. Nulla consequat massa ', 0, 1),
(144, 36, 'Donec pede justo, fringilla vel, aliquet nec, vulputate eget, arcu. In ', 0, 3),
(145, 36, 'Aliquam lorem ante, dapibus in, viverra quis, feugiat a, tellus. Phasellus viverra nulla ut metus varius laoreet. Quisque rutrum. Aenean imperdiet. Etiam', 0, 2),
(146, 10, 'Res1s in ex quis convallis. Integpuesta 4', 0, 4),
(147, 10, 'hola que tal. Nam rutrum magna ', 0, 5),
(148, 10, 'ex, in maximus sem aliquet vitae. Nu', 0, 6),
(149, 37, ' Sed quis quam tortor. Ut maximus leo', 0, 1),
(150, 37, 'placerat mollis pretium', 0, 2),
(151, 37, 'dllicitudin ac. Nam imp', 0, 3),
(152, 38, 'id nulla tempus vestibulum.', 0, 1),
(157, 41, 'Nunc malesuada est at augue sagittis aliquam', 0, 1),
(160, 41, 's4placerat mollis pretium', 1, 2),
(161, 42, 'Nunc gravida, urna sed tristique euismod, ante nisl feugiat neque,', 0, 1),
(162, 42, 'Morbi dignissim mi a interdum facili', 1, 2),
(163, 42, 'isl. Nulla pulvin', 1, 3),
(164, 42, 's vitae, malesuada a quam. Etiam sod', 0, 4),
(179, 41, '12x quis convallis. Integer3', 0, 3),
(182, 41, 'us magna, rutrum et ligul', 0, 4),
(189, 48, ' a placerat neque turpis et ligula. Cras lobortis maximus libero', 0, 1),
(190, 48, 'Phasellus vehicula porttitor arcu sed rutru', 0, 2),
(191, 48, 'x quis convallis. Integer', 1, 3),
(196, 51, '33Phasellus vehicula porttitor arcu sed rutru', 0, 1),
(198, 53, 'sed gravida velit. Integer sollicitudin purus orci, eu lacinia urna pellentesque sed', 0, 1),
(199, 53, '333Phasellus porta nisl id lacus hendrerit rutrum', 0, 2),
(200, 53, '3sim mi a interdum facilisis', 0, 3),
(201, 53, 'on velit. Mauris varius e', 0, 5),
(202, 53, ' Curabitur elit enim, vulputate', 0, 6),
(203, 53, 'Maecenas purus magn', 0, 4),
(204, 54, 'Sed viverra lacus lorem, non gravida purus auctor sit amet', 0, 1),
(205, 54, 'r6 Duis id est tortor. Sed odio ante, ornare eu est luctus, por', 0, 2),
(206, 58, '1 - Un 20% y esta descendiendo claramente en los últimos años', 0, 1),
(207, 58, '2 - Cercano al 50% pero esta descendiendo ', 0, 2),
(208, 58, '3 - Cercano al 50% y se mantiene', 1, 3),
(209, 58, '4 - Esta descendiendo en mujeres', 0, 4),
(210, 58, '5 - Nuestra proporción de diagnóstico tardío es de las mas bajas de Europa', 0, 5),
(211, 59, '1 - La mortalidad  global en los pacientes con DT es mayor que la de los diagnosticados más precozmente a pesar de conenzar TAR', 0, 1),
(212, 59, '2 - En pacientes con DT el 70% de las muertes que ocurren durante el primer año son debidas a eventos VIH/sida', 0, 2),
(213, 59, '3 - En cuanto se empieza con TAR  las causas de muerte son eventos no sida ', 0, 3),
(214, 59, '4 - En los pacientes que reciben TAR prolongado las enfermedades no sida causan la mayor parte de la morbimortalidad', 0, 4),
(215, 59, '5 - La  1,2,4', 0, 5),
(216, 60, 'a) Neumonía neumocócica ó atípica', 0, 1),
(217, 60, 'b) Neumonía por P. jirovecii', 0, 2),
(218, 60, 'c) Tuberculosis pulmonar', 0, 3),
(219, 60, 'd) Neumonitis por CMV', 0, 4),
(220, 60, 'e) Histoplasmosis', 0, 5),
(221, 61, '1- Resonancia magnética de sistema nervioso central', 0, 1),
(222, 61, '2- Fibrobroncoscopia con BAS y BAL', 0, 2),
(223, 61, '3- Oftalmoscopia con pupila dilatada', 1, 3),
(224, 61, '4- Recuento de linfocitos CD4+', 0, 4),
(225, 61, '5- Cuantificación de viremia de ARN-VIH por PCR  ', 0, 5),
(226, 62, '1- La serologÃ­a de CMV IgM positiva es necesaria para confirmar el diagnÃ³stico de retinitis por CMV. ', 0, 1),
(227, 62, '2- Una viremia plasmÃ¡tica de ADN-CMV negativa obliga a valorar otras causas de retinitis ', 0, 2),
(228, 62, '3- La oftalmoscopia realizada por un oftalmÃ³logo experimentado es suficiente para el diagnÃ³stico.', 1, 3),
(229, 62, '4- El diagnÃ³stico se confirma mediante la punciÃ³n ocular objetivando ADN-CMV en humor acuoso ', 0, 4),
(230, 62, '5- Es necesario realizar una secuenciaciÃ³n del genoma del CMV para detectar mutaciones de resistencia antes de iniciar tratamiento antiviral.  ', 0, 5),
(231, 63, '1- Está indicado el tratamiento con valganciclovir oral, inmediatamente tras el diagnóstico de retinitis por CMV', 0, 1),
(232, 63, '2- Si existe riesgo de ceguera, está indicado el tratamiento con ganciclovir intravítreo', 0, 2),
(233, 63, '3- El tratamiento antiretroviral se iniciará tras 14 o 28 días tras el inicio del ganciclovir', 0, 3),
(234, 63, '4- En pacientes con linfocitos CD4+<50/µL sin retinitis, está indicada solo la realización de funduscopias repetidas', 0, 4),
(235, 63, '5- En pacientes con linfocitos CD4+<50/µL sin retinitis, está indicada la profilaxis primaria con valganciclovir', 1, 5),
(236, 64, '1- Recidiva de retinitis por CMV tras abandono de valganciclovir oral', 0, 1),
(237, 64, '2- Probablemente el diagnóstico inicial fuer erróneo y podría ser una corioretinitis por otro patógeno. Plantear punción de humor vítreo.', 0, 2),
(238, 64, '3- Se trata de una vitritis en el contexto de un Sd. de reconstitución inmune.', 1, 3),
(239, 64, '4- Fracaso de tratamiento por cepa mutante de CMV con mutaciones de resistencia a CMV', 0, 4),
(240, 64, '5- Realizaría una RM de sistema nervioso central y una punción lumbar con estudio de LCR, antes de tomar una decisión', 0, 5),
(241, 65, '1- Encefalopatía por VIH', 0, 1),
(242, 65, '2- LMP', 1, 2),
(243, 65, '3- Toxoplasmosis cerebral', 0, 3),
(244, 65, '4- Linfoma cerebral', 0, 4),
(245, 65, '5- Otras: ACVA, Meningitis tuberculosa', 0, 5),
(246, 66, '1- Punción lumbar ', 0, 1),
(247, 66, '2- Ag. Criptocócico plasma y/o LCR', 0, 2),
(248, 66, '3- Mantoux/quantiferón, ADA en LCR', 0, 3),
(249, 66, '4- Papovavirus en orina', 1, 4),
(250, 66, '5- Carga viral en LCR', 0, 5),
(251, 67, '1- Biopsia cerebral y actuar según el resultado.', 0, 1),
(252, 67, '2- Iniciar tratamiento empírico anti-Toxoplasma', 0, 2),
(253, 67, '3- Iniciar tratamiento con Aciclovir intravenoso', 0, 3),
(254, 67, '4- Suspender TAR y ver evolución', 0, 4),
(255, 67, '5- Mantener el tratamiento actual y ver evolución', 1, 5),
(256, 68, '1. Prednisona 20 mg/día 15 días', 0, 1),
(257, 68, '2. Beclometasona+Formoterol  160/4,5 mcg/12h', 1, 2),
(258, 68, '3. Añadir montelukast', 0, 3),
(259, 68, '4. Inmunoterapia - DPT', 0, 4),
(260, 69, '1. Antileucotrieno por vía oral', 1, 1),
(261, 69, '2. Corticoide inh a dosis mínimas/ 12-24   horas + salbutamol a demanda', 0, 2),
(262, 69, '3. Salbutamol a demanda', 0, 3),
(263, 69, '4. Alta definitiva sin tratamiento', 0, 4),
(264, 70, '1. Prednisona 20-30 mg/día una semana', 1, 1),
(265, 70, '2. Añadir antileucotrienos', 1, 2),
(266, 70, '3. Beclometasona + formoterol (partículas extrafinas)', 0, 3),
(267, 70, '4. Inmunoterapia', 0, 4),
(268, 71, '1. Poner doble broncodilatación y suspender corticoides inhalados', 0, 1),
(269, 71, '2. Asociar corticoides sistémicos', 1, 2),
(270, 71, '3. Pautar macrólidos', 1, 3),
(271, 71, '4. Pensar en un diagnóstico alternativo', 0, 4),
(272, 72, '1. Mantener con el LAMA instaurado ', 1, 1),
(273, 72, '2. Asociar un corticoide inhalado al tratamiento broncodilatador con una LABA y posiblemente también con un LAMA', 0, 2),
(274, 72, '3. Asociar macrólidos al LAMA', 0, 3),
(275, 72, '4. Si tiene disnea escalar a doble broncodilatación', 0, 4),
(276, 73, '1. Si es muy sintomático poner doble broncodilatacion', 1, 1),
(277, 73, '2. Si tiene pocos síntomas es suficiente con un LAMA', 0, 2),
(278, 73, '3. Una sola espirometría no permite hacer el diagnóstico de EPOC. Hay que valorar la respuesta tras tratamiento con broncodilatadores y posiblemente corticoides (inhalados o una prueba con corticoides sistémicos sistémicos).', 0, 3),
(279, 73, '4. Los antecedentes descartan el diagnóstico de asma, por los que están contraindicados los corticoides inahalados.', 0, 4),
(283, 78, '1- Sí, en unos años', 0, 1),
(284, 78, '2- Todavía no, pero estamos logrando el control de la enfermedad', 1, 2),
(285, 78, '3- No, pero podemos eliminarla en los pacientes coinfectados', 0, 3),
(286, 78, '4- No. Se trata de una pandemia y todavía no tenemos las herramientas para erradicarla', 0, 4),
(287, 79, '1- En los últimos años, ha aumentado la incidencia de infecciones agudas en HSH', 1, 1),
(288, 79, '2- No hay diferencias en la incidencia en HSH, entre VIH+ y VIH- ', 0, 2),
(289, 79, '3- La transmisión en parejas heterosexuales estables, se relaciona sobre todo con exposición a objetos contaminados con sangre', 0, 3),
(290, 79, '4- La reinfección a corto plazo, es más probable en pacientes en tratamiento sustitutivo de opiáceos que en varones HSH', 0, 4),
(291, 80, '1- En pacientes con CD4 mayores de 500, la infección aguda se elimina espontáneamente en la misma proporción en pacientes VIH+ y VIH-', 0, 1),
(292, 80, '2- En pacientes en TAR estable, la infección crónica sigue siendo más agresiva en pacientes VIH+, que en VIH-', 1, 2),
(293, 80, '3- En pacientes en TAR estable, la infección crónica no es más agresiva en pacientes VIH+, que en VIH-', 0, 3),
(294, 80, '4- La 1 y la 3 son correctas', 0, 4),
(295, 81, '1- La estatosis hepática no alcohólica tiene un riesgo bajo de progresión del daño hepático', 0, 1),
(296, 81, '2- En la esteatosis hepática, la disminución de peso es la medida terapéutica fundamental', 0, 2),
(297, 81, '3- La ingesta moderada de alcohol no ha demostrado de forma consistente una mayor progresión de la fibrosis', 0, 3),
(298, 81, '4- La diabetes mellitus no se asocia a una peor evolución del daño hepático', 1, 4),
(299, 82, '1- No. Todos los pacientes muestran algún grado de reversibilidad', 0, 1),
(300, 82, '2- La hipertensión portal severa, habitualmente no es reversible', 0, 2),
(301, 82, '3- Los pacientes con MELD > 18 continúan con un alto riesgo de complicaciones y mortalidad a pesar de la eliminación de la infección por VHC', 0, 3),
(302, 82, '4- Si, pero no esta definido', 0, 4),
(303, 82, '5- La 2 y la 3', 1, 5),
(304, 83, '1- Sof/Vel es un tratamiento específico para genotipo 1 y 4', 0, 1),
(305, 83, '2- El estudio Astral-5 obtiene buenos resultados solo en genotipo 2 y 3', 0, 2),
(306, 83, '3- Sofosbuvir es un inhibidor de proteasa del VHC', 0, 3),
(307, 83, '4- Velpatasvir es un inhibidor de polimerasa del VHC', 0, 4),
(308, 83, '5- Sofosbuvir/Velpatasvir obtiene excelentes resultados en pacientes co-infectados al mismo nivel que en monoinfectados', 1, 5),
(309, 84, '1- Sof/Led durante 8 semanas de tratamiento obtiene los mismos resultados que 12 semanas en todos los pacientes VHC', 0, 1),
(310, 84, '2- Los pacientes de raza negra responden peor a Sof/Led', 0, 2),
(311, 84, '3- Los pacientes cirróticos pueden tratarse durante 8 semanas con Sof/Led si la carga viral basal es baja', 0, 3),
(312, 84, '4- Ledipasvir es un inhibidor del complejo NS5A', 1, 4),
(313, 84, '5- Ledipasvir no interacciona con ningún antirretroviral', 0, 5),
(314, 85, '1- El estudio ENDURANCE-1 incluye pacientes cirróticos', 0, 1),
(315, 85, '2- Glecaprevir/Pibrentasvir no pueden usarse en coinfectados VIH-VHC', 0, 2),
(316, 85, '3- En el estudio ENDURANCE-1 los resultados son óptimos con RBV', 0, 3),
(317, 85, '4- Glecaprevir es un inhibidor de proteasa del VHC', 1, 4),
(318, 85, '5- Pibrentasvir es un inhibidor de polimerasa del VHC', 0, 5),
(319, 86, '1- La hepatitis aguda por VHC (HAC) nunca es una enfermedad de transmisión sexual', 0, 1),
(320, 86, '2- La HAC solo puede tratarse con Peginterferón y RBV', 0, 2),
(321, 86, '3- Tras la curación de una HAC pueden haber reinfecciones', 1, 3),
(322, 86, '4- En la HAC el aclaramiento espontáneo es del 50% de casos', 0, 4),
(323, 86, '5- La HAC no cursa con incremento de transaminasas', 0, 5),
(324, 87, '1- El genotipo tiene un elevado impacto sobre régimen, duración y potencia (RBV)', 0, 1),
(325, 87, '2- Las RAS son inherentes de cada aislado', 0, 2),
(326, 87, '3- Las RAS que se seleccionan tras tratamiento no se archivan', 0, 3),
(327, 88, '1- Threshold of detection <div class="multiquestion"><ul><li>Population sequencing vs deep-sequencing</li><li>Deeper is not always better</li></ul></div>', 0, 1),
(328, 88, '2- Class-specific vs drug-specific RASs <div class="multiquestion"> <ul> <li>Eg. All NS5A RASs or ledipasvir-specific RASs</li> <li>Resistance is not all or nothing – degrees of resistance  eg. 3-fold vs 1000-fold EC50 = different impact</li> </ul></div>', 0, 2),
(329, 88, '3- Population matters:  <div class="multiquestion"> <ul> <li>TN vs TE – differential effects </li> <li>Cirrhosis – cannot afford to fail!</li> </ul></div>', 0, 3),
(332, 89, '1- Only for G1a and G3  (NS5a)', 0, 1),
(333, 89, '2- G1a <div class="multiquestion"> <ul> <li>LDV/SOF – All PR-experienced, TN with cirrhosis </li> <li>GZV/EBV – All G1 </li> </ul></div>', 0, 2),
(334, 89, '3- G3 <div class="multiquestion"> <ul> <li>SOF/VEL and SOF/DCV - cirrhosis </li> </ul></div>', 0, 3),
(335, 90, '1- First – ask yourself again if the person needs retreatment now…', 0, 1),
(336, 90, '2- May be you can wait for excellent options that are coming', 0, 2),
(337, 90, '3- If you need to retreat, a few strategies to consider <div class="multiquestion"> <ul> <li>Extend treatment duration</li> <li>Add Ribavirin</li> <li>Change DAA class (if you can)</li> <li>Go to SOF+2 or three more drugs</li> <li>Ask for a resistance test and decide</li> <li>(guidance on how to use the information)</li> </ul></div>', 0, 3),
(338, 91, '1- Some concepts are not exactly the same as for HIV', 0, 1),
(339, 91, '2- For RAS testing details matter: <div class="multiquestion"> <ul> <li>drug specific RAS </li> <li>15% cut-off </li> </ul></div>', 0, 2),
(340, 91, '3- Baseline NS5A RAS affect response for GT1a & GT3 and certain patients', 0, 3),
(341, 91, '4- Adding RBV or extending duration will overcome RAS', 0, 4),
(342, 91, '5- Post DAA failure  <div class="multiquestion"> <ul> <li>a resistance test**  may help you to decide </li> <li>useful for now, great salvage regimens coming </li> </ul></div>', 0, 5),
(343, 92, '1. Michael Jackson', 0, 1),
(344, 92, '2. Jim Morrison', 0, 2),
(345, 92, '3. Bob Dylan', 1, 3),
(346, 92, '4. Kurt Cobain', 0, 4),
(347, 93, '1. Michael Jackson', 0, 1),
(348, 93, '2. Jim Morrison', 0, 2),
(349, 93, '3. Bob Dylan', 1, 3),
(350, 93, '4. Kurt Cobain', 0, 4),
(351, 94, '1- Mayor capacidad de activar el aclaramiento de hepatocitos infectados por el sistema inmune ', 0, 1),
(352, 94, '2- Mayor capacidad de inhibir la replicación viral', 0, 2),
(353, 94, '3- Menor interrupción por efectos adversos', 0, 3),
(354, 94, '4- Todo correcto', 0, 4),
(355, 94, '5- 2 y 3 correcto', 0, 5),
(356, 95, '1- El tratamiento con pautas basadas en AADs es de efectividad similar al de pacientes monoinfectados por VHC', 0, 1),
(357, 95, '2- En los pacientes con cirrosis compensadas el tratamiento con AADs es menos efectivo que en pacientes sin cirrosis y más que en aquellos con cirrosis descompensadas', 0, 2),
(358, 95, '3- El tratamiento de 8 semanas con S/L en genotipo 1, cuando indicado , es menos efectivo y no debe ser recomendado', 0, 3),
(359, 95, '4- De acuerdo con todo', 0, 4),
(360, 95, '5- De acuerdo sólo con 1 y 3', 0, 5),
(361, 96, '1- Se puede retratar, incluso con la misma pauta previa, extendiendo el tiempo y/o añadiendo ribavirina', 0, 1),
(362, 96, '2- Se  procurará disponer de estudio de resistencia y ajustar la pauta de rescate facilitando la inclusión de fármacos sensibles, especialmente de inhibidores de NS5A ', 0, 2),
(363, 96, '3- Se debe priorizar incluir en pauta de rescate fármacos disponibles de nueva generación y/o de familias diferentes al tratamiento previo', 0, 3),
(364, 96, '4- Se debe valorar posponer el retratamiento a la disponibilidad de nuevas pautas con eficacia demostrada para el rescae de pacientes con fracasos a AADs', 0, 4),
(365, 96, '5- Todas las estrategias deben ser consideradas en estos pacientes y de forma no exclusiva', 0, 5),
(366, 97, '1. Michael Jackson', 0, 1),
(367, 97, '2. Jim Morrison', 0, 2),
(368, 97, '3. Bob Dylan', 1, 3),
(369, 97, '4. Kurt Cobain', 0, 4),
(374, 99, '1. Gorro, mascarilla, guantes no estériles, paño estéril, cubre sonda + gel estéril ', 0, 1),
(375, 99, '2. Gorro, mascarilla estéril, guantes no estériles, paño fenestrado estéril, cubre sonda + gel estéril', 0, 2),
(376, 99, '3. Gorro, mascarilla, guantes estériles, amplio paño fenestrado estéril, cubre sonda + gel estéril', 1, 3),
(377, 99, '4. Gorro, mascarilla, guantes estériles, amplio paño fenestrado estéril, cubre sonda estéril y gel', 0, 4),
(378, 100, '1. Dx 10%', 0, 1),
(379, 100, '2. Heparina', 1, 2),
(380, 100, '3. SF 0,9%', 0, 3),
(381, 100, '4. Bicarbonato 1M', 0, 4),
(382, 101, '1. La creación de bundles con pocas pero claras recomendaciones', 0, 1),
(383, 101, '2. La realización de jornadas formativas para el personal', 0, 2),
(384, 101, '3. La difusión de poster o material visual en las plantas de rápida lectura e interpretación ', 0, 3),
(385, 101, '4. Todas las anteriores son correctas', 1, 4),
(386, 102, '1. Soluciones con pH menor de 5 y mayor de 9, irritantes pero no vesicantes', 0, 1),
(387, 102, '2. Soluciones con pH comprendido entre 5 y 9, ni irritantes ni vesicantes', 1, 2),
(388, 102, '3. Soluciones con pH mayor de 5 y mayor de 9, ni irritantes ni vesicantes', 0, 3),
(389, 102, '4. Soluciones con pH menor de 5 y mayor de 9, irritantes o vesicantes', 0, 4),
(390, 103, '1. Cánulas, midlines, mini midlines y línea media clavicular', 1, 1),
(391, 103, '2. Cánulas, midlines, mini midlines y PICC', 0, 2),
(392, 103, '3. Cánulas, mini midlines y linea media clavicular', 0, 3),
(393, 103, '4. Cánulas, midlines, mini midlines, linea media clavicular y PICC', 0, 4),
(394, 104, '1. PICC, para realizar también extracciones de sangre', 0, 1),
(395, 104, '2. Midline, para administrar mayores volúmenes de fármacos', 0, 2),
(396, 104, '3. Vía subcutánea, por ser coste eficaz y con bajas complicaciones', 1, 3),
(397, 104, '4. Cánula de pequeño calibre, para poder reemplazarla fácilmente si se pierde ', 0, 4),
(398, 105, '1. PICC', 0, 1),
(399, 105, '2. Midline', 1, 2),
(400, 105, '3. CICC', 0, 3),
(401, 105, '4. FICC', 0, 4),
(402, 106, '1. Uso del técnicas visuales de inserción', 0, 1),
(403, 106, '2. Calibre adecuado de vena y catéter', 0, 2),
(404, 106, '3. Sistemas de fijación adecuados ', 0, 3),
(405, 106, '4. Todas las anteriores son correctas', 1, 4);

-- --------------------------------------------------------

--
-- Estructura de tabla para la tabla `usuarios`
--

CREATE TABLE `usuarios` (
  `id` int(11) NOT NULL,
  `nombre` varchar(100) COLLATE utf16_spanish_ci DEFAULT '',
  `apellidos` varchar(200) COLLATE utf16_spanish_ci DEFAULT '',
  `email` varchar(200) COLLATE utf16_spanish_ci DEFAULT '',
  `password` varchar(200) COLLATE utf16_spanish_ci DEFAULT '',
  `telefono` bigint(20) DEFAULT '0',
  `direccion` varchar(255) COLLATE utf16_spanish_ci DEFAULT '',
  `provincia` varchar(255) COLLATE utf16_spanish_ci DEFAULT '',
  `activo` tinyint(4) DEFAULT '0',
  `fecha_alta` datetime NOT NULL DEFAULT CURRENT_TIMESTAMP,
  `id_evento` tinyint(4) NOT NULL DEFAULT '0'
) ENGINE=InnoDB DEFAULT CHARSET=utf8 COLLATE=utf8_general_ci;

--
-- Volcado de datos para la tabla `usuarios`
--

INSERT INTO `usuarios` (`id`, `nombre`, `apellidos`, `email`, `password`, `telefono`, `direccion`, `provincia`, `activo`, `fecha_alta`, `id_evento`) VALUES
(1, 'Roberto', 'Martín', 'roberto.martin@s3w.es', '1100', 127, 'sin direccion', 'provincia', 1, '2017-07-14 14:35:37', 19),
(15, 'Rober2', 'Apellido', '1234', 'kp', 0, '', '', 1, '2017-07-17 14:05:35', 19),
(16, 'Mario', 'Recuero', 'mar@io.com', '', 0, 'direccion', 'Madrid', 1, '2017-07-17 14:05:47', 19),
(17, 'name', 'a', 'e', 'aaa', 333, '333', '', 1, '2017-07-17 14:06:12', 19),
(21, 'ApeGruMAV', 'ApeGruMAV', 'roberwushu@gmail.com', '1100', 0, '', '', 1, '2017-07-19 11:45:35', 29),
(22, 'Chan', '', 'rwushu@gmail.com', '1100', 0, '', '', 1, '2017-07-19 11:57:57', 27),
(23, 'Mcgyver', '', 'mc@gyver.com', '1100', 0, '', '', 1, '2017-07-19 11:59:04', 27),
(24, 's3w', '', 'rob.martin@s3w.es', '1100', 0, '', '', 1, '2017-07-19 11:59:27', 27),
(25, 'aplee', 'aplee', 'ema', 'pass', 11, 'dir', 'pro', 0, '2017-08-22 08:50:06', 19);

-- --------------------------------------------------------

--
-- Estructura de tabla para la tabla `votos`
--

CREATE TABLE `votos` (
  `id` int(11) NOT NULL,
  `id_evento` int(11) NOT NULL,
  `id_pregunta` int(11) NOT NULL,
  `id_respuesta` int(11) NOT NULL,
  `id_usuario` int(11) NOT NULL DEFAULT '0',
  `id_session` varchar(50) NOT NULL,
  `fecha` datetime NOT NULL
) ENGINE=InnoDB DEFAULT CHARSET=utf8;

--
-- Volcado de datos para la tabla `votos`
--

INSERT INTO `votos` (`id`, `id_evento`, `id_pregunta`, `id_respuesta`, `id_usuario`, `id_session`, `fecha`) VALUES
(51, 14, 29, 2, 0, 'i98j9tmt5nskp13ekobraa5pc1', '2017-02-28 14:05:34'),
(60, 14, 29, 2, 0, 'ofh8rqcld188ebj603rtibt2o0', '2017-03-01 09:47:48'),
(61, 14, 29, 3, 0, '7u4kuu69mgh9tpghts7f0svm20', '2017-03-01 09:47:57'),
(65, 14, 36, 1, 0, '4n5tl8v65oqm6fnkgj8uuk7es2', '2017-03-01 09:49:15'),
(66, 14, 36, 3, 0, 'ofh8rqcld188ebj603rtibt2o0', '2017-03-01 09:49:25'),
(67, 14, 36, 2, 0, '7u4kuu69mgh9tpghts7f0svm20', '2017-03-01 09:49:49'),
(68, 14, 36, 1, 0, 's9lapmc7s85h03vqk7or7dbh51', '2017-03-01 09:52:11'),
(72, 14, 29, 2, 0, '1sqiggaui8k71rgpcgclt47ng0', '2017-03-01 09:54:10'),
(73, 14, 29, 3, 0, 'e96s6h5446k51paivf4qgj3va0', '2017-03-01 09:54:11'),
(74, 14, 29, 1, 0, 'rpkdrgeqlcnoced97j9ivfnnu3', '2017-03-01 09:54:16'),
(75, 14, 29, 2, 0, 'e96s6h5446k51paivf4qgj3va0', '2017-03-01 09:54:11'),
(76, 14, 29, 3, 0, '', '0000-00-00 00:00:00'),
(77, 14, 29, 2, 0, '', '0000-00-00 00:00:00'),
(85, 14, 29, 3, 0, '', '0000-00-00 00:00:00'),
(86, 14, 29, 3, 0, '', '0000-00-00 00:00:00'),
(212, 25, 59, 5, 0, 'j37mdeodi0n1kf8h9jhn5t5rc5', '2017-03-15 13:14:07'),
(213, 25, 59, 4, 0, '6mimpoir6n53m5spld4c5317l0', '2017-03-15 13:14:09'),
(214, 25, 59, 3, 0, '8bfav9tjc6uknvnmeb6c7a3rn1', '2017-03-15 13:15:45'),
(215, 25, 59, 1, 0, 'ah81lmpl4s2tnadvk6a7escuu4', '2017-03-15 13:15:56'),
(220, 25, 61, 5, 0, '8bfav9tjc6uknvnmeb6c7a3rn1', '2017-03-15 13:33:16'),
(221, 25, 61, 1, 0, '6mimpoir6n53m5spld4c5317l0', '2017-03-15 13:33:18'),
(222, 25, 61, 3, 0, 'ah81lmpl4s2tnadvk6a7escuu4', '2017-03-15 13:33:22'),
(223, 25, 62, 1, 0, 'ah81lmpl4s2tnadvk6a7escuu4', '2017-03-15 13:34:50'),
(224, 25, 62, 1, 0, '6mimpoir6n53m5spld4c5317l0', '2017-03-15 13:35:00'),
(225, 25, 62, 2, 0, '8bfav9tjc6uknvnmeb6c7a3rn1', '2017-03-15 13:35:04'),
(227, 25, 60, 3, 0, 'ah81lmpl4s2tnadvk6a7escuu4', '2017-03-15 14:05:44'),
(232, 25, 60, 1, 0, 'acu9s3hvlrc3cvf0pl5gu34u26', '2017-03-17 09:53:19'),
(233, 25, 60, 1, 0, 'jst61fr7b9u1c0ijvjct507de6', '2017-03-17 09:53:26'),
(234, 25, 61, 2, 0, 'acu9s3hvlrc3cvf0pl5gu34u26', '2017-03-17 09:56:46'),
(240, 25, 58, 2, 0, '1kk3fbao46vts1asb07gdtsc41', '2017-03-21 17:36:22'),
(241, 25, 58, 1, 0, 'ap1fcbdch2e2p56nkjbadleor0', '2017-03-22 13:42:22'),
(242, 25, 58, 1, 0, 'adird46ncuqdt6m082175q0fe3', '2017-03-22 15:47:39'),
(247, 25, 58, 2, 0, 'h00l1f6dnrvmkola88nmu534t0', '2017-03-23 11:16:31'),
(259, 25, 58, 3, 0, '6auvocjjna8oqi48q30vissq21', '2017-03-23 13:18:55'),
(260, 25, 58, 2, 0, 'ehrhquger93djvq0vdbv03mna6', '2017-03-23 13:41:45'),
(261, 25, 59, 3, 0, 'ehrhquger93djvq0vdbv03mna6', '2017-03-23 13:43:11'),
(301, 27, 68, 2, 0, 'jfc8mq5bsmbt24492cu60dq9j3', '2017-03-28 19:24:10'),
(302, 27, 68, 2, 0, 'vovsp9a7d85o1jti4fp6auqor0', '2017-03-28 19:24:11'),
(303, 27, 68, 2, 0, '4s38erfr8p0jvuc6o44c21dgr4', '2017-03-28 19:24:11'),
(304, 27, 68, 2, 0, 'i4k0fb3u01j6886f8cm2hr9ec7', '2017-03-28 19:24:27'),
(305, 27, 71, 3, 0, 'i4k0fb3u01j6886f8cm2hr9ec7', '2017-03-28 19:53:15'),
(306, 27, 71, 1, 0, 'vovsp9a7d85o1jti4fp6auqor0', '2017-03-28 19:53:15'),
(307, 27, 71, 4, 0, 'jfc8mq5bsmbt24492cu60dq9j3', '2017-03-28 19:53:18'),
(308, 27, 71, 3, 0, 'p9bucadcm5mmi4l5qafhnr6cm0', '2017-03-28 19:53:19'),
(309, 27, 71, 4, 0, 'ljdlur6mpq6l7089cm0n58i8m7', '2017-03-28 19:53:22'),
(310, 27, 71, 4, 0, 'fmj7h9dcm9u9htrn6r80fqjkf4', '2017-03-28 19:53:24'),
(311, 27, 71, 4, 0, '4s38erfr8p0jvuc6o44c21dgr4', '2017-03-28 19:53:26'),
(312, 27, 71, 1, 0, '9jc0e8kou19u0693parplu01o0', '2017-03-28 19:53:30'),
(313, 27, 71, 4, 0, 'qol89u3kqvnm1hpta41rrg8ao6', '2017-03-28 19:53:34'),
(314, 27, 71, 4, 0, 'df6o051abgtre209df6le643t5', '2017-03-28 19:53:35'),
(315, 27, 71, 4, 0, '94elf23cb78gdv5bibkqln7f23', '2017-03-28 19:53:48'),
(316, 27, 71, 4, 0, 'vc1g504m0bk1hf07b1oi3elag4', '2017-03-28 19:54:01'),
(317, 27, 72, 2, 0, 'qol89u3kqvnm1hpta41rrg8ao6', '2017-03-28 19:55:36'),
(318, 27, 72, 2, 0, 'jfc8mq5bsmbt24492cu60dq9j3', '2017-03-28 19:55:42'),
(319, 27, 72, 2, 0, 'vc1g504m0bk1hf07b1oi3elag4', '2017-03-28 19:55:44'),
(320, 27, 72, 2, 0, 'ljdlur6mpq6l7089cm0n58i8m7', '2017-03-28 19:55:49'),
(321, 27, 72, 2, 0, 'i4k0fb3u01j6886f8cm2hr9ec7', '2017-03-28 19:55:49'),
(322, 27, 72, 2, 0, '4d057sjb88eqsj2sast231nep5', '2017-03-28 19:55:52'),
(323, 27, 72, 4, 0, 'fmj7h9dcm9u9htrn6r80fqjkf4', '2017-03-28 19:55:52'),
(324, 27, 72, 2, 0, 'p9bucadcm5mmi4l5qafhnr6cm0', '2017-03-28 19:56:01'),
(325, 27, 72, 4, 0, 'vovsp9a7d85o1jti4fp6auqor0', '2017-03-28 19:56:02'),
(326, 27, 72, 2, 0, 'olci87ikorbcolni6mumelqep5', '2017-03-28 19:56:02'),
(327, 27, 73, 3, 0, 'piecvpdljs3ck671v1cc585c91', '2017-03-28 19:57:49'),
(328, 27, 73, 3, 0, 'df6o051abgtre209df6le643t5', '2017-03-28 19:57:56'),
(329, 27, 73, 3, 0, 'qol89u3kqvnm1hpta41rrg8ao6', '2017-03-28 19:57:59'),
(330, 27, 73, 3, 0, 'i4k0fb3u01j6886f8cm2hr9ec7', '2017-03-28 19:58:00'),
(331, 27, 73, 4, 0, '9jc0e8kou19u0693parplu01o0', '2017-03-28 19:58:03'),
(332, 27, 73, 3, 0, 'jfc8mq5bsmbt24492cu60dq9j3', '2017-03-28 19:58:05'),
(333, 27, 73, 3, 0, 'fmj7h9dcm9u9htrn6r80fqjkf4', '2017-03-28 19:58:06'),
(334, 27, 73, 3, 0, 'd66agp8rl8ehjk1ctge1ooovl1', '2017-03-28 19:58:09'),
(335, 27, 73, 3, 0, 'vc1g504m0bk1hf07b1oi3elag4', '2017-03-28 19:58:12'),
(336, 27, 73, 3, 0, 'vovsp9a7d85o1jti4fp6auqor0', '2017-03-28 19:58:14'),
(337, 27, 73, 3, 0, 'p9bucadcm5mmi4l5qafhnr6cm0', '2017-03-28 19:58:19'),
(338, 27, 73, 3, 0, 'olci87ikorbcolni6mumelqep5', '2017-03-28 19:58:20'),
(339, 27, 73, 3, 0, '4s38erfr8p0jvuc6o44c21dgr4', '2017-03-28 19:58:23'),
(340, 27, 73, 3, 0, '94elf23cb78gdv5bibkqln7f23', '2017-03-28 19:58:28'),
(341, 27, 73, 3, 0, 'ljdlur6mpq6l7089cm0n58i8m7', '2017-03-28 19:58:43'),
(342, 27, 73, 3, 0, '4d057sjb88eqsj2sast231nep5', '2017-03-28 19:59:02'),
(344, 28, 78, 2, 0, 'i72m1illtmdk6umnporklkgqv7', '2017-03-29 16:06:43'),
(345, 28, 78, 2, 0, '6fg4gskukqs4o1875umsgna5s6', '2017-03-29 16:06:46'),
(346, 28, 78, 1, 0, 'rjiem3pokmulg39ajfebpmmti4', '2017-03-29 16:06:46'),
(347, 28, 78, 2, 0, 'g7l8m1fvvav86ih23j79dts9f2', '2017-03-29 16:06:47'),
(348, 28, 78, 4, 0, '9lgrvoj7q2gpdc25itr3rhdbf1', '2017-03-29 16:06:48'),
(349, 28, 78, 1, 0, 'm38bo8bntjenrd4pm4n3otn9d2', '2017-03-29 16:06:49'),
(350, 28, 78, 2, 0, 'k8rsou138idrok6bi2k41sa6g5', '2017-03-29 16:06:49'),
(351, 28, 78, 2, 0, 'h8lgo8je32sv2enhjco0ckcd24', '2017-03-29 16:06:51'),
(352, 28, 78, 3, 0, 'ce7au8n9ga1djus0t0qs0l5857', '2017-03-29 16:06:52'),
(353, 28, 78, 2, 0, 'mulhon47kppcr6gui6guso8og4', '2017-03-29 16:06:55'),
(354, 28, 78, 1, 0, 'km9h657a0olic7036q6c4a3r41', '2017-03-29 16:06:59'),
(355, 28, 78, 1, 0, 'g15ol2vdnon4hs921u6plhd1j6', '2017-03-29 16:06:59'),
(356, 28, 78, 2, 0, '7cku91svn37nmnu8avbhr835q4', '2017-03-29 16:07:00'),
(357, 28, 78, 2, 0, '0e7agsrbrjhn4tbljs3of03qf6', '2017-03-29 16:07:12'),
(358, 28, 78, 2, 0, '9q0s9eivcuuopm5r04s08egdt2', '2017-03-29 16:07:13'),
(359, 28, 78, 2, 0, 'cebibto0ulttsfsv6occ4h5cr6', '2017-03-29 16:07:18'),
(360, 28, 78, 1, 0, 'b9891iabjn3sv97klq5fbc8f26', '2017-03-29 16:07:18'),
(361, 28, 78, 1, 0, 'v1ds2r07ttnt39l2qapdu4op32', '2017-03-29 16:07:20'),
(362, 28, 78, 2, 0, '0e11lt1alem1veer133o3706m7', '2017-03-29 16:07:22'),
(363, 28, 78, 2, 0, 'an898rvd2lccrbm952lqnjrs77', '2017-03-29 16:07:24'),
(364, 28, 78, 1, 0, 'cu7ap4in4lvsrok2io6e8rhuv5', '2017-03-29 16:07:26'),
(365, 28, 78, 1, 0, 'otkohuh412mupb75npkohg09v0', '2017-03-29 16:07:30'),
(366, 28, 78, 1, 0, '7a6jumi9nptchnjso24dnt9tj1', '2017-03-29 16:07:33'),
(367, 28, 78, 1, 0, 'vu6k6hg7eo7a9thrjq4smtd6g3', '2017-03-29 16:07:37'),
(368, 28, 78, 2, 0, 'e5b25ukjft5ggihpnegsohqiq0', '2017-03-29 16:07:38'),
(369, 28, 78, 1, 0, '5h1taft05iste6gvk8lp5jnr84', '2017-03-29 16:07:46'),
(370, 28, 78, 1, 0, 'tt9l6qs6tacc6fup9v6036tbd7', '2017-03-29 16:07:48'),
(371, 28, 78, 1, 0, '2emn7l9c7dkntfrmgfrujf7663', '2017-03-29 16:07:50'),
(372, 28, 79, 1, 0, 'rjiem3pokmulg39ajfebpmmti4', '2017-03-29 16:13:38'),
(373, 28, 79, 1, 0, 'k8rsou138idrok6bi2k41sa6g5', '2017-03-29 16:13:38'),
(374, 28, 79, 1, 0, 'm38bo8bntjenrd4pm4n3otn9d2', '2017-03-29 16:13:38'),
(375, 28, 79, 1, 0, 'mulhon47kppcr6gui6guso8og4', '2017-03-29 16:13:38'),
(376, 28, 79, 1, 0, 'i72m1illtmdk6umnporklkgqv7', '2017-03-29 16:13:40'),
(377, 28, 79, 1, 0, 'g15ol2vdnon4hs921u6plhd1j6', '2017-03-29 16:13:42'),
(378, 28, 79, 1, 0, '9lgrvoj7q2gpdc25itr3rhdbf1', '2017-03-29 16:13:43'),
(379, 28, 79, 1, 0, 'g7l8m1fvvav86ih23j79dts9f2', '2017-03-29 16:13:43'),
(380, 28, 79, 1, 0, '7cku91svn37nmnu8avbhr835q4', '2017-03-29 16:13:43'),
(381, 28, 79, 3, 0, 'ce7au8n9ga1djus0t0qs0l5857', '2017-03-29 16:13:44'),
(382, 28, 79, 1, 0, '6fg4gskukqs4o1875umsgna5s6', '2017-03-29 16:13:44'),
(383, 28, 79, 1, 0, 'uu35kc2q6qkevhlsdk1fip4d11', '2017-03-29 16:13:47'),
(384, 28, 79, 1, 0, 'km9h657a0olic7036q6c4a3r41', '2017-03-29 16:13:49'),
(385, 28, 79, 1, 0, 'h8lgo8je32sv2enhjco0ckcd24', '2017-03-29 16:13:50'),
(386, 28, 79, 1, 0, 'of3124jcl5dsmddratssmeark7', '2017-03-29 16:13:53'),
(387, 28, 79, 4, 0, 's6t720e5gda0hs5tooeuqv2lg4', '2017-03-29 16:13:56'),
(388, 28, 79, 1, 0, '5n7k306rfqem0694ec7o94nfs0', '2017-03-29 16:13:57'),
(389, 28, 79, 1, 0, 'od9onq1ro54271eo7mqd6m2qk3', '2017-03-29 16:14:08'),
(390, 28, 79, 4, 0, '0e7agsrbrjhn4tbljs3of03qf6', '2017-03-29 16:14:12'),
(391, 28, 79, 1, 0, 'aj7qb98iit3t6dv2fbmvn4pg47', '2017-03-29 16:14:14'),
(392, 28, 79, 1, 0, 'cu7ap4in4lvsrok2io6e8rhuv5', '2017-03-29 16:14:16'),
(393, 28, 79, 1, 0, 'b9891iabjn3sv97klq5fbc8f26', '2017-03-29 16:14:17'),
(394, 28, 79, 1, 0, 'bk73pji0qpl5hsu3plp6021fm4', '2017-03-29 16:14:17'),
(395, 28, 79, 1, 0, 'cebibto0ulttsfsv6occ4h5cr6', '2017-03-29 16:14:18'),
(396, 28, 80, 2, 0, '6fg4gskukqs4o1875umsgna5s6', '2017-03-29 16:19:32'),
(397, 28, 80, 2, 0, 'h8lgo8je32sv2enhjco0ckcd24', '2017-03-29 16:19:37'),
(398, 28, 80, 4, 0, 'uu35kc2q6qkevhlsdk1fip4d11', '2017-03-29 16:19:40'),
(399, 28, 80, 4, 0, 'g7l8m1fvvav86ih23j79dts9f2', '2017-03-29 16:19:42'),
(400, 28, 80, 2, 0, '7cku91svn37nmnu8avbhr835q4', '2017-03-29 16:19:44'),
(401, 28, 80, 1, 0, 'ce7au8n9ga1djus0t0qs0l5857', '2017-03-29 16:19:46'),
(402, 28, 80, 4, 0, 'rjiem3pokmulg39ajfebpmmti4', '2017-03-29 16:19:46'),
(403, 28, 80, 2, 0, 'mulhon47kppcr6gui6guso8og4', '2017-03-29 16:19:47'),
(404, 28, 80, 2, 0, 's6t720e5gda0hs5tooeuqv2lg4', '2017-03-29 16:19:48'),
(405, 28, 80, 2, 0, '5n7k306rfqem0694ec7o94nfs0', '2017-03-29 16:19:48'),
(406, 28, 80, 2, 0, 'km9h657a0olic7036q6c4a3r41', '2017-03-29 16:19:48'),
(407, 28, 80, 2, 0, 'g15ol2vdnon4hs921u6plhd1j6', '2017-03-29 16:19:49'),
(408, 28, 80, 2, 0, 'k8rsou138idrok6bi2k41sa6g5', '2017-03-29 16:19:49'),
(409, 28, 80, 4, 0, 'of3124jcl5dsmddratssmeark7', '2017-03-29 16:19:53'),
(410, 28, 80, 4, 0, 'i72m1illtmdk6umnporklkgqv7', '2017-03-29 16:19:54'),
(411, 28, 80, 4, 0, '9lgrvoj7q2gpdc25itr3rhdbf1', '2017-03-29 16:19:54'),
(412, 28, 80, 4, 0, 'm38bo8bntjenrd4pm4n3otn9d2', '2017-03-29 16:20:04'),
(413, 28, 80, 2, 0, 'od9onq1ro54271eo7mqd6m2qk3', '2017-03-29 16:20:05'),
(414, 28, 80, 2, 0, 'v1ds2r07ttnt39l2qapdu4op32', '2017-03-29 16:20:09'),
(415, 28, 80, 4, 0, 'cu7ap4in4lvsrok2io6e8rhuv5', '2017-03-29 16:20:10'),
(416, 28, 80, 2, 0, 'aj7qb98iit3t6dv2fbmvn4pg47', '2017-03-29 16:20:15'),
(417, 28, 80, 4, 0, 'cnmiv11jtrpb20qcm9gklsbvq1', '2017-03-29 16:20:18'),
(418, 28, 80, 3, 0, '0e11lt1alem1veer133o3706m7', '2017-03-29 16:20:19'),
(419, 28, 80, 2, 0, '5h1taft05iste6gvk8lp5jnr84', '2017-03-29 16:20:19'),
(420, 28, 80, 2, 0, 'vmkl74796et96l06o7opu4eea2', '2017-03-29 16:20:21'),
(421, 28, 80, 2, 0, 'vu6k6hg7eo7a9thrjq4smtd6g3', '2017-03-29 16:20:22'),
(422, 28, 80, 2, 0, 'f35n8fbhbeo2q71dubfh5akma0', '2017-03-29 16:20:22'),
(423, 28, 80, 3, 0, 'n5t2ucam763v6sidce0rhe83o4', '2017-03-29 16:20:23'),
(424, 28, 80, 4, 0, 'b9891iabjn3sv97klq5fbc8f26', '2017-03-29 16:20:24'),
(425, 28, 80, 2, 0, '0e7agsrbrjhn4tbljs3of03qf6', '2017-03-29 16:20:25'),
(426, 28, 80, 2, 0, 'cebibto0ulttsfsv6occ4h5cr6', '2017-03-29 16:20:27'),
(427, 28, 80, 3, 0, 'bpks6mrd9gpab637etjes3eck7', '2017-03-29 16:20:28'),
(428, 28, 80, 4, 0, 'qhg9ipcqncgmimd4815kk5qk70', '2017-03-29 16:20:28'),
(429, 28, 80, 2, 0, 'hb0ora694k6lg3jhtu5uuqh7n3', '2017-03-29 16:20:29'),
(430, 28, 80, 4, 0, 'otkohuh412mupb75npkohg09v0', '2017-03-29 16:20:29'),
(431, 28, 80, 4, 0, 'tt9l6qs6tacc6fup9v6036tbd7', '2017-03-29 16:20:30'),
(432, 28, 80, 4, 0, '7a6jumi9nptchnjso24dnt9tj1', '2017-03-29 16:20:31'),
(433, 28, 80, 4, 0, 'nc9a7fuqiqpubpmgndq4kk9q31', '2017-03-29 16:20:32'),
(434, 28, 81, 1, 0, 'f3jq5q0di56i8c8gi1ntbdj410', '2017-03-29 16:26:51'),
(435, 28, 81, 3, 0, 's6t720e5gda0hs5tooeuqv2lg4', '2017-03-29 16:27:12'),
(436, 28, 81, 3, 0, '6fg4gskukqs4o1875umsgna5s6', '2017-03-29 16:27:12'),
(437, 28, 81, 3, 0, 'h8lgo8je32sv2enhjco0ckcd24', '2017-03-29 16:27:13'),
(438, 28, 81, 2, 0, 'uu35kc2q6qkevhlsdk1fip4d11', '2017-03-29 16:27:18'),
(439, 28, 81, 4, 0, 'k8rsou138idrok6bi2k41sa6g5', '2017-03-29 16:27:20'),
(440, 28, 81, 1, 0, '5n7k306rfqem0694ec7o94nfs0', '2017-03-29 16:27:21'),
(441, 28, 81, 4, 0, 'i72m1illtmdk6umnporklkgqv7', '2017-03-29 16:27:22'),
(442, 28, 81, 2, 0, 'of3124jcl5dsmddratssmeark7', '2017-03-29 16:27:23'),
(443, 28, 81, 4, 0, 'rjiem3pokmulg39ajfebpmmti4', '2017-03-29 16:27:24'),
(444, 28, 81, 1, 0, 'g15ol2vdnon4hs921u6plhd1j6', '2017-03-29 16:27:28'),
(445, 28, 81, 4, 0, 'm38bo8bntjenrd4pm4n3otn9d2', '2017-03-29 16:27:28'),
(446, 28, 81, 2, 0, 'km9h657a0olic7036q6c4a3r41', '2017-03-29 16:27:30'),
(447, 28, 81, 1, 0, 'g7l8m1fvvav86ih23j79dts9f2', '2017-03-29 16:27:32'),
(448, 28, 81, 4, 0, 'ce7au8n9ga1djus0t0qs0l5857', '2017-03-29 16:27:33'),
(449, 28, 81, 4, 0, 'hb0ora694k6lg3jhtu5uuqh7n3', '2017-03-29 16:27:40'),
(450, 28, 81, 1, 0, '7cku91svn37nmnu8avbhr835q4', '2017-03-29 16:27:48'),
(451, 28, 81, 3, 0, 'gllqtaq6kjfhqhlj69qnbesl51', '2017-03-29 16:27:49'),
(452, 28, 81, 3, 0, 'aj7qb98iit3t6dv2fbmvn4pg47', '2017-03-29 16:27:49'),
(453, 28, 81, 4, 0, 'k3kde1s29s2f1tmrmvc3lu5g86', '2017-03-29 16:27:49'),
(454, 28, 81, 4, 0, 'f35n8fbhbeo2q71dubfh5akma0', '2017-03-29 16:27:50'),
(455, 28, 81, 3, 0, '8fr58bs6g24nm6j61hvmb1mle7', '2017-03-29 16:27:51'),
(456, 28, 81, 2, 0, 'od9onq1ro54271eo7mqd6m2qk3', '2017-03-29 16:27:52'),
(457, 28, 81, 2, 0, 'tt9l6qs6tacc6fup9v6036tbd7', '2017-03-29 16:27:52'),
(458, 28, 81, 4, 0, '5h1taft05iste6gvk8lp5jnr84', '2017-03-29 16:27:53'),
(459, 28, 81, 3, 0, 'b9891iabjn3sv97klq5fbc8f26', '2017-03-29 16:27:53'),
(460, 28, 81, 4, 0, 'vmkl74796et96l06o7opu4eea2', '2017-03-29 16:27:53'),
(461, 28, 81, 4, 0, '0e7agsrbrjhn4tbljs3of03qf6', '2017-03-29 16:27:58'),
(462, 28, 81, 4, 0, '7a6jumi9nptchnjso24dnt9tj1', '2017-03-29 16:28:00'),
(463, 28, 81, 1, 0, 'nc9a7fuqiqpubpmgndq4kk9q31', '2017-03-29 16:28:01'),
(464, 28, 81, 3, 0, 'vu6k6hg7eo7a9thrjq4smtd6g3', '2017-03-29 16:28:02'),
(465, 28, 81, 4, 0, 'm2lpalu06udhqi58fipjbvuim4', '2017-03-29 16:28:03'),
(466, 28, 81, 3, 0, 'v1ds2r07ttnt39l2qapdu4op32', '2017-03-29 16:28:03'),
(467, 28, 81, 4, 0, 'cnmiv11jtrpb20qcm9gklsbvq1', '2017-03-29 16:28:04'),
(468, 28, 81, 3, 0, 'otkohuh412mupb75npkohg09v0', '2017-03-29 16:28:06'),
(469, 28, 81, 4, 0, 'cu7ap4in4lvsrok2io6e8rhuv5', '2017-03-29 16:28:06'),
(470, 28, 82, 5, 0, 's6t720e5gda0hs5tooeuqv2lg4', '2017-03-29 16:34:44'),
(471, 28, 82, 1, 0, 'bpks6mrd9gpab637etjes3eck7', '2017-03-29 16:34:51'),
(472, 28, 82, 3, 0, 'uu35kc2q6qkevhlsdk1fip4d11', '2017-03-29 16:34:55'),
(473, 28, 82, 4, 0, '6fg4gskukqs4o1875umsgna5s6', '2017-03-29 16:34:57'),
(474, 28, 82, 3, 0, 'h8lgo8je32sv2enhjco0ckcd24', '2017-03-29 16:35:00'),
(475, 28, 82, 5, 0, 'g7l8m1fvvav86ih23j79dts9f2', '2017-03-29 16:35:01'),
(476, 28, 82, 5, 0, 'i72m1illtmdk6umnporklkgqv7', '2017-03-29 16:35:03'),
(477, 28, 82, 3, 0, 'of3124jcl5dsmddratssmeark7', '2017-03-29 16:35:04'),
(478, 28, 82, 5, 0, 'rjiem3pokmulg39ajfebpmmti4', '2017-03-29 16:35:05'),
(479, 28, 82, 4, 0, 'km9h657a0olic7036q6c4a3r41', '2017-03-29 16:35:06'),
(480, 28, 82, 5, 0, '7cku91svn37nmnu8avbhr835q4', '2017-03-29 16:35:06'),
(481, 28, 82, 5, 0, 'ce7au8n9ga1djus0t0qs0l5857', '2017-03-29 16:35:07'),
(482, 28, 82, 5, 0, 'g15ol2vdnon4hs921u6plhd1j6', '2017-03-29 16:35:08'),
(483, 28, 82, 4, 0, 'mulhon47kppcr6gui6guso8og4', '2017-03-29 16:35:09'),
(484, 28, 82, 5, 0, 'k8rsou138idrok6bi2k41sa6g5', '2017-03-29 16:35:09'),
(485, 28, 82, 5, 0, '5n7k306rfqem0694ec7o94nfs0', '2017-03-29 16:35:14'),
(486, 28, 82, 5, 0, 'hb0ora694k6lg3jhtu5uuqh7n3', '2017-03-29 16:35:15'),
(487, 28, 82, 3, 0, 'tt9l6qs6tacc6fup9v6036tbd7', '2017-03-29 16:35:17'),
(488, 28, 82, 3, 0, '0e7agsrbrjhn4tbljs3of03qf6', '2017-03-29 16:35:22'),
(489, 28, 82, 2, 0, '5h1taft05iste6gvk8lp5jnr84', '2017-03-29 16:35:28'),
(490, 28, 82, 5, 0, 'k3kde1s29s2f1tmrmvc3lu5g86', '2017-03-29 16:35:29'),
(491, 28, 82, 5, 0, 'b8ksk98f24p6jgouu2rr00b661', '2017-03-29 16:35:30'),
(492, 28, 82, 5, 0, 'cu7ap4in4lvsrok2io6e8rhuv5', '2017-03-29 16:35:33'),
(493, 28, 82, 5, 0, 'od9onq1ro54271eo7mqd6m2qk3', '2017-03-29 16:35:33'),
(494, 28, 82, 3, 0, 'nc9a7fuqiqpubpmgndq4kk9q31', '2017-03-29 16:35:33'),
(495, 28, 82, 5, 0, 'pcbk1en7a8k5enhsf12n44o2m7', '2017-03-29 16:35:34'),
(496, 28, 82, 5, 0, 'aj7qb98iit3t6dv2fbmvn4pg47', '2017-03-29 16:35:35'),
(497, 28, 82, 1, 0, 'f35n8fbhbeo2q71dubfh5akma0', '2017-03-29 16:35:36'),
(498, 28, 82, 5, 0, 'qhg9ipcqncgmimd4815kk5qk70', '2017-03-29 16:35:37'),
(499, 28, 82, 5, 0, '8fr58bs6g24nm6j61hvmb1mle7', '2017-03-29 16:35:38'),
(500, 28, 82, 5, 0, '0e11lt1alem1veer133o3706m7', '2017-03-29 16:35:38'),
(501, 28, 82, 5, 0, 'vmkl74796et96l06o7opu4eea2', '2017-03-29 16:35:39'),
(502, 28, 82, 3, 0, 'v1ds2r07ttnt39l2qapdu4op32', '2017-03-29 16:35:39'),
(503, 28, 82, 5, 0, 'vu6k6hg7eo7a9thrjq4smtd6g3', '2017-03-29 16:35:41'),
(504, 28, 82, 5, 0, 'gllqtaq6kjfhqhlj69qnbesl51', '2017-03-29 16:35:42'),
(505, 28, 82, 3, 0, 'm2lpalu06udhqi58fipjbvuim4', '2017-03-29 16:35:43'),
(506, 28, 82, 3, 0, '7a6jumi9nptchnjso24dnt9tj1', '2017-03-29 16:35:43'),
(507, 28, 83, 5, 0, 's6t720e5gda0hs5tooeuqv2lg4', '2017-03-29 16:47:59'),
(508, 28, 83, 5, 0, 'k8rsou138idrok6bi2k41sa6g5', '2017-03-29 16:48:03'),
(509, 28, 83, 5, 0, 'uu35kc2q6qkevhlsdk1fip4d11', '2017-03-29 16:48:06'),
(510, 28, 83, 5, 0, 'i72m1illtmdk6umnporklkgqv7', '2017-03-29 16:48:13'),
(511, 28, 83, 5, 0, 'm38bo8bntjenrd4pm4n3otn9d2', '2017-03-29 16:48:13'),
(512, 28, 83, 5, 0, '6fg4gskukqs4o1875umsgna5s6', '2017-03-29 16:48:14'),
(513, 28, 83, 3, 0, 'g7l8m1fvvav86ih23j79dts9f2', '2017-03-29 16:48:14'),
(514, 28, 83, 1, 0, 'f3jq5q0di56i8c8gi1ntbdj410', '2017-03-29 16:48:16'),
(515, 28, 83, 5, 0, '7cku91svn37nmnu8avbhr835q4', '2017-03-29 16:48:19'),
(516, 28, 83, 5, 0, 'h8lgo8je32sv2enhjco0ckcd24', '2017-03-29 16:48:20'),
(517, 28, 83, 5, 0, 'of3124jcl5dsmddratssmeark7', '2017-03-29 16:48:20'),
(518, 28, 83, 5, 0, '5n7k306rfqem0694ec7o94nfs0', '2017-03-29 16:48:22'),
(519, 28, 83, 5, 0, 'km9h657a0olic7036q6c4a3r41', '2017-03-29 16:48:23'),
(520, 28, 83, 2, 0, 'bpks6mrd9gpab637etjes3eck7', '2017-03-29 16:48:24'),
(521, 28, 83, 5, 0, 'rjiem3pokmulg39ajfebpmmti4', '2017-03-29 16:48:26'),
(522, 28, 83, 5, 0, 'ce7au8n9ga1djus0t0qs0l5857', '2017-03-29 16:48:30'),
(523, 28, 83, 5, 0, 'qhg9ipcqncgmimd4815kk5qk70', '2017-03-29 16:48:35'),
(524, 28, 83, 5, 0, 'pcbk1en7a8k5enhsf12n44o2m7', '2017-03-29 16:48:36'),
(525, 28, 83, 5, 0, '7a6jumi9nptchnjso24dnt9tj1', '2017-03-29 16:48:37'),
(526, 28, 83, 5, 0, 'cnmiv11jtrpb20qcm9gklsbvq1', '2017-03-29 16:48:38'),
(527, 28, 83, 5, 0, 'v8v60rcb24ineq26om8416dnv1', '2017-03-29 16:48:38'),
(528, 28, 83, 5, 0, '8fr58bs6g24nm6j61hvmb1mle7', '2017-03-29 16:48:42'),
(529, 28, 83, 5, 0, 'g15ol2vdnon4hs921u6plhd1j6', '2017-03-29 16:48:42'),
(530, 28, 83, 5, 0, 'vu6k6hg7eo7a9thrjq4smtd6g3', '2017-03-29 16:48:45'),
(531, 28, 83, 3, 0, '0r3hageastgiout4q9ssr281e1', '2017-03-29 16:48:47'),
(532, 28, 84, 1, 0, 'uu35kc2q6qkevhlsdk1fip4d11', '2017-03-29 16:54:05'),
(533, 28, 84, 1, 0, 's6t720e5gda0hs5tooeuqv2lg4', '2017-03-29 16:54:07'),
(534, 28, 84, 4, 0, 'gqlqtevqocegrm0fbv3kkmng44', '2017-03-29 16:54:13'),
(535, 28, 84, 4, 0, '6fg4gskukqs4o1875umsgna5s6', '2017-03-29 16:54:14'),
(536, 28, 84, 1, 0, 'h8lgo8je32sv2enhjco0ckcd24', '2017-03-29 16:54:15'),
(537, 28, 84, 4, 0, 'g15ol2vdnon4hs921u6plhd1j6', '2017-03-29 16:54:17'),
(538, 28, 84, 1, 0, 'km9h657a0olic7036q6c4a3r41', '2017-03-29 16:54:20'),
(539, 28, 84, 1, 0, 'of3124jcl5dsmddratssmeark7', '2017-03-29 16:54:20'),
(540, 28, 84, 4, 0, 'i72m1illtmdk6umnporklkgqv7', '2017-03-29 16:54:21'),
(541, 28, 84, 4, 0, 'k8rsou138idrok6bi2k41sa6g5', '2017-03-29 16:54:23'),
(542, 28, 84, 5, 0, 'g7l8m1fvvav86ih23j79dts9f2', '2017-03-29 16:54:26'),
(543, 28, 84, 5, 0, 'ce7au8n9ga1djus0t0qs0l5857', '2017-03-29 16:54:27'),
(544, 28, 84, 4, 0, '9lgrvoj7q2gpdc25itr3rhdbf1', '2017-03-29 16:54:28'),
(545, 28, 84, 1, 0, 'f3jq5q0di56i8c8gi1ntbdj410', '2017-03-29 16:54:29'),
(546, 28, 84, 1, 0, 'cnmiv11jtrpb20qcm9gklsbvq1', '2017-03-29 16:54:38'),
(547, 28, 84, 5, 0, 'bpks6mrd9gpab637etjes3eck7', '2017-03-29 16:54:39'),
(548, 28, 84, 4, 0, 'm38bo8bntjenrd4pm4n3otn9d2', '2017-03-29 16:54:40'),
(549, 28, 84, 4, 0, '7cku91svn37nmnu8avbhr835q4', '2017-03-29 16:54:40'),
(550, 28, 84, 4, 0, 'v8v60rcb24ineq26om8416dnv1', '2017-03-29 16:54:45'),
(551, 28, 84, 4, 0, 'm2lpalu06udhqi58fipjbvuim4', '2017-03-29 16:54:46'),
(552, 28, 84, 4, 0, 'rjiem3pokmulg39ajfebpmmti4', '2017-03-29 16:54:50'),
(553, 28, 84, 4, 0, 'v1ds2r07ttnt39l2qapdu4op32', '2017-03-29 16:54:54'),
(554, 28, 84, 4, 0, '5n7k306rfqem0694ec7o94nfs0', '2017-03-29 16:54:56'),
(555, 28, 84, 1, 0, 'nc9a7fuqiqpubpmgndq4kk9q31', '2017-03-29 16:54:57'),
(556, 28, 84, 4, 0, 'otkohuh412mupb75npkohg09v0', '2017-03-29 16:54:59'),
(557, 28, 84, 2, 0, 'od9onq1ro54271eo7mqd6m2qk3', '2017-03-29 16:55:02'),
(558, 28, 84, 1, 0, 'cu7ap4in4lvsrok2io6e8rhuv5', '2017-03-29 16:55:03'),
(559, 28, 84, 4, 0, 'vu6k6hg7eo7a9thrjq4smtd6g3', '2017-03-29 16:55:10'),
(560, 28, 84, 3, 0, '0e7agsrbrjhn4tbljs3of03qf6', '2017-03-29 16:55:15'),
(561, 28, 84, 1, 0, 'cebibto0ulttsfsv6occ4h5cr6', '2017-03-29 16:55:16'),
(562, 28, 84, 4, 0, '7a6jumi9nptchnjso24dnt9tj1', '2017-03-29 16:55:16'),
(563, 28, 84, 5, 0, 'qhg9ipcqncgmimd4815kk5qk70', '2017-03-29 16:55:19'),
(564, 28, 84, 1, 0, 'vmkl74796et96l06o7opu4eea2', '2017-03-29 16:55:20'),
(565, 28, 84, 4, 0, 'f35n8fbhbeo2q71dubfh5akma0', '2017-03-29 16:55:20'),
(566, 28, 84, 4, 0, 'tt9l6qs6tacc6fup9v6036tbd7', '2017-03-29 16:55:22'),
(567, 28, 84, 1, 0, 'b9891iabjn3sv97klq5fbc8f26', '2017-03-29 16:55:28'),
(568, 28, 84, 4, 0, 'k3kde1s29s2f1tmrmvc3lu5g86', '2017-03-29 16:55:28'),
(569, 28, 85, 4, 0, 'gqlqtevqocegrm0fbv3kkmng44', '2017-03-29 16:59:05'),
(570, 28, 85, 4, 0, 'uu35kc2q6qkevhlsdk1fip4d11', '2017-03-29 16:59:09'),
(571, 28, 85, 4, 0, '5n7k306rfqem0694ec7o94nfs0', '2017-03-29 16:59:10'),
(572, 28, 85, 4, 0, '9lgrvoj7q2gpdc25itr3rhdbf1', '2017-03-29 16:59:11'),
(573, 28, 85, 1, 0, 'km9h657a0olic7036q6c4a3r41', '2017-03-29 16:59:12'),
(574, 28, 85, 4, 0, 'g15ol2vdnon4hs921u6plhd1j6', '2017-03-29 16:59:13'),
(575, 28, 85, 4, 0, 's6t720e5gda0hs5tooeuqv2lg4', '2017-03-29 16:59:14'),
(576, 28, 85, 4, 0, 'k8rsou138idrok6bi2k41sa6g5', '2017-03-29 16:59:14'),
(577, 28, 85, 4, 0, 'h8lgo8je32sv2enhjco0ckcd24', '2017-03-29 16:59:21'),
(578, 28, 85, 4, 0, 'i72m1illtmdk6umnporklkgqv7', '2017-03-29 16:59:23'),
(579, 28, 85, 4, 0, 'g7l8m1fvvav86ih23j79dts9f2', '2017-03-29 16:59:23'),
(580, 28, 85, 4, 0, 'm38bo8bntjenrd4pm4n3otn9d2', '2017-03-29 16:59:24'),
(581, 28, 85, 4, 0, 'rjiem3pokmulg39ajfebpmmti4', '2017-03-29 16:59:35'),
(582, 28, 85, 4, 0, '7a6jumi9nptchnjso24dnt9tj1', '2017-03-29 16:59:36'),
(583, 28, 85, 4, 0, 'nc9a7fuqiqpubpmgndq4kk9q31', '2017-03-29 16:59:40'),
(584, 28, 85, 4, 0, 'pcbk1en7a8k5enhsf12n44o2m7', '2017-03-29 16:59:43'),
(585, 28, 85, 4, 0, '0e7agsrbrjhn4tbljs3of03qf6', '2017-03-29 16:59:44'),
(586, 28, 85, 4, 0, 'cu7ap4in4lvsrok2io6e8rhuv5', '2017-03-29 16:59:44'),
(587, 28, 85, 4, 0, 'k3kde1s29s2f1tmrmvc3lu5g86', '2017-03-29 16:59:46'),
(588, 28, 85, 5, 0, 'od9onq1ro54271eo7mqd6m2qk3', '2017-03-29 16:59:46'),
(589, 28, 85, 4, 0, 'cebibto0ulttsfsv6occ4h5cr6', '2017-03-29 16:59:46'),
(590, 28, 85, 4, 0, 'qhg9ipcqncgmimd4815kk5qk70', '2017-03-29 16:59:50'),
(591, 28, 85, 4, 0, 'm2lpalu06udhqi58fipjbvuim4', '2017-03-29 16:59:51'),
(592, 28, 85, 2, 0, 'pkbcnp8adut0cia0ousr3ift63', '2017-03-29 16:59:52'),
(593, 28, 85, 4, 0, 'v8v60rcb24ineq26om8416dnv1', '2017-03-29 16:59:53'),
(594, 28, 85, 4, 0, 'b9891iabjn3sv97klq5fbc8f26', '2017-03-29 16:59:53'),
(595, 28, 85, 2, 0, 'f3jq5q0di56i8c8gi1ntbdj410', '2017-03-29 16:59:53'),
(596, 28, 85, 4, 0, 'f35n8fbhbeo2q71dubfh5akma0', '2017-03-29 16:59:53'),
(597, 28, 85, 4, 0, 'v1ds2r07ttnt39l2qapdu4op32', '2017-03-29 16:59:54'),
(598, 28, 85, 4, 0, 'cnmiv11jtrpb20qcm9gklsbvq1', '2017-03-29 16:59:55'),
(599, 28, 85, 4, 0, 'otkohuh412mupb75npkohg09v0', '2017-03-29 16:59:59'),
(600, 28, 86, 3, 0, 's6t720e5gda0hs5tooeuqv2lg4', '2017-03-29 17:07:54'),
(601, 28, 86, 3, 0, 'g15ol2vdnon4hs921u6plhd1j6', '2017-03-29 17:07:55'),
(602, 28, 86, 3, 0, 'gqlqtevqocegrm0fbv3kkmng44', '2017-03-29 17:07:56'),
(603, 28, 86, 3, 0, 'm38bo8bntjenrd4pm4n3otn9d2', '2017-03-29 17:07:58'),
(604, 28, 86, 2, 0, '5n7k306rfqem0694ec7o94nfs0', '2017-03-29 17:07:58'),
(605, 28, 86, 3, 0, 'uu35kc2q6qkevhlsdk1fip4d11', '2017-03-29 17:07:59'),
(606, 28, 86, 3, 0, '6fg4gskukqs4o1875umsgna5s6', '2017-03-29 17:07:59'),
(607, 28, 86, 1, 0, 'f3jq5q0di56i8c8gi1ntbdj410', '2017-03-29 17:08:00'),
(608, 28, 86, 3, 0, '7cku91svn37nmnu8avbhr835q4', '2017-03-29 17:08:00'),
(609, 28, 86, 3, 0, 'rjiem3pokmulg39ajfebpmmti4', '2017-03-29 17:08:03'),
(610, 28, 86, 3, 0, 'i72m1illtmdk6umnporklkgqv7', '2017-03-29 17:08:04'),
(611, 28, 86, 3, 0, 'h8lgo8je32sv2enhjco0ckcd24', '2017-03-29 17:08:05'),
(612, 28, 86, 3, 0, 'k8rsou138idrok6bi2k41sa6g5', '2017-03-29 17:08:06'),
(613, 28, 86, 3, 0, 'of3124jcl5dsmddratssmeark7', '2017-03-29 17:08:06'),
(614, 28, 86, 3, 0, 'km9h657a0olic7036q6c4a3r41', '2017-03-29 17:08:10'),
(615, 28, 86, 3, 0, 'm6ckn6icv1e00f8b5o92a4i2u6', '2017-03-29 17:08:17'),
(616, 28, 86, 3, 0, 'sqsj31175p9448oajm1nrqi9o5', '2017-03-29 17:08:18'),
(617, 28, 86, 3, 0, 'qhg9ipcqncgmimd4815kk5qk70', '2017-03-29 17:08:26'),
(618, 28, 86, 3, 0, 'v8v60rcb24ineq26om8416dnv1', '2017-03-29 17:08:28'),
(619, 28, 86, 3, 0, 'od9onq1ro54271eo7mqd6m2qk3', '2017-03-29 17:08:31'),
(620, 28, 86, 3, 0, 'k3kde1s29s2f1tmrmvc3lu5g86', '2017-03-29 17:08:32'),
(621, 28, 86, 3, 0, 'cebibto0ulttsfsv6occ4h5cr6', '2017-03-29 17:08:33'),
(622, 28, 86, 3, 0, 'pcbk1en7a8k5enhsf12n44o2m7', '2017-03-29 17:08:33'),
(623, 28, 86, 3, 0, 'm2lpalu06udhqi58fipjbvuim4', '2017-03-29 17:08:34'),
(624, 28, 86, 1, 0, 'v1ds2r07ttnt39l2qapdu4op32', '2017-03-29 17:08:34'),
(625, 28, 86, 3, 0, '7a6jumi9nptchnjso24dnt9tj1', '2017-03-29 17:08:35'),
(626, 28, 86, 3, 0, 'vu6k6hg7eo7a9thrjq4smtd6g3', '2017-03-29 17:08:36'),
(627, 28, 86, 3, 0, 'cnmiv11jtrpb20qcm9gklsbvq1', '2017-03-29 17:08:37'),
(628, 28, 86, 3, 0, 'f35n8fbhbeo2q71dubfh5akma0', '2017-03-29 17:08:42'),
(629, 28, 86, 3, 0, 'nc9a7fuqiqpubpmgndq4kk9q31', '2017-03-29 17:08:42'),
(630, 28, 86, 3, 0, '0e7agsrbrjhn4tbljs3of03qf6', '2017-03-29 17:08:44'),
(631, 28, 86, 3, 0, 'cu7ap4in4lvsrok2io6e8rhuv5', '2017-03-29 17:08:44'),
(632, 28, 86, 3, 0, 'b9891iabjn3sv97klq5fbc8f26', '2017-03-29 17:08:49'),
(633, 28, 86, 3, 0, 'otkohuh412mupb75npkohg09v0', '2017-03-29 17:08:51'),
(634, 28, 94, 5, 0, 's6t720e5gda0hs5tooeuqv2lg4', '2017-03-29 18:08:29'),
(635, 28, 94, 4, 0, '9lrdb1r5pn6239pnfo32vfiik6', '2017-03-29 18:08:31'),
(636, 28, 94, 4, 0, 'i72m1illtmdk6umnporklkgqv7', '2017-03-29 18:08:33'),
(637, 28, 94, 4, 0, '6fg4gskukqs4o1875umsgna5s6', '2017-03-29 18:08:49'),
(638, 28, 94, 1, 0, 'f3jq5q0di56i8c8gi1ntbdj410', '2017-03-29 18:08:53'),
(639, 28, 94, 5, 0, 'k8rsou138idrok6bi2k41sa6g5', '2017-03-29 18:08:53'),
(640, 28, 94, 4, 0, 'km9h657a0olic7036q6c4a3r41', '2017-03-29 18:08:57'),
(641, 28, 94, 4, 0, 't87trgah9qtk6bptgfth4ltbv5', '2017-03-29 18:08:57'),
(642, 28, 94, 5, 0, 'g15ol2vdnon4hs921u6plhd1j6', '2017-03-29 18:08:58'),
(643, 28, 94, 4, 0, 'fockueblplsep3rksq03lrf8i1', '2017-03-29 18:08:59'),
(644, 28, 94, 5, 0, '5n7k306rfqem0694ec7o94nfs0', '2017-03-29 18:09:05'),
(645, 28, 94, 4, 0, '3ulvkoona15v21rri86c5njgo5', '2017-03-29 18:09:05'),
(646, 28, 94, 5, 0, 'cnmiv11jtrpb20qcm9gklsbvq1', '2017-03-29 18:09:08'),
(647, 28, 94, 5, 0, 'nc9a7fuqiqpubpmgndq4kk9q31', '2017-03-29 18:09:11'),
(648, 28, 94, 5, 0, 'gqlqtevqocegrm0fbv3kkmng44', '2017-03-29 18:09:11'),
(649, 28, 94, 5, 0, 'm2lpalu06udhqi58fipjbvuim4', '2017-03-29 18:09:15'),
(650, 28, 94, 4, 0, '7a6jumi9nptchnjso24dnt9tj1', '2017-03-29 18:09:17'),
(651, 28, 94, 4, 0, '2emn7l9c7dkntfrmgfrujf7663', '2017-03-29 18:09:18'),
(652, 28, 94, 1, 0, 'e5b25ukjft5ggihpnegsohqiq0', '2017-03-29 18:09:19'),
(653, 28, 95, 1, 0, 'g15ol2vdnon4hs921u6plhd1j6', '2017-03-29 18:12:31'),
(654, 28, 95, 2, 0, 'f3jq5q0di56i8c8gi1ntbdj410', '2017-03-29 18:12:31'),
(655, 28, 95, 4, 0, '9lrdb1r5pn6239pnfo32vfiik6', '2017-03-29 18:12:47'),
(656, 28, 95, 1, 0, 'uu35kc2q6qkevhlsdk1fip4d11', '2017-03-29 18:12:47'),
(657, 28, 95, 1, 0, 't87trgah9qtk6bptgfth4ltbv5', '2017-03-29 18:12:48'),
(658, 28, 95, 1, 0, 's6t720e5gda0hs5tooeuqv2lg4', '2017-03-29 18:12:50'),
(659, 28, 95, 4, 0, 'k3kde1s29s2f1tmrmvc3lu5g86', '2017-03-29 18:12:58'),
(660, 28, 95, 5, 0, '7cku91svn37nmnu8avbhr835q4', '2017-03-29 18:12:58'),
(661, 28, 95, 1, 0, 'i72m1illtmdk6umnporklkgqv7', '2017-03-29 18:13:00'),
(662, 28, 95, 5, 0, 'h8lgo8je32sv2enhjco0ckcd24', '2017-03-29 18:13:00'),
(663, 28, 95, 1, 0, 'k8rsou138idrok6bi2k41sa6g5', '2017-03-29 18:13:02'),
(664, 28, 95, 5, 0, '8fr58bs6g24nm6j61hvmb1mle7', '2017-03-29 18:13:15'),
(665, 28, 95, 4, 0, 'rrje3ict6kapck2hutai9f6bh7', '2017-03-29 18:13:15'),
(666, 28, 95, 3, 0, '6q7br6ugjsq2k9i9tjm23u8ku6', '2017-03-29 18:13:18'),
(667, 28, 95, 1, 0, '7a6jumi9nptchnjso24dnt9tj1', '2017-03-29 18:13:29'),
(668, 28, 95, 5, 0, 'od9onq1ro54271eo7mqd6m2qk3', '2017-03-29 18:13:30'),
(669, 28, 96, 1, 0, '2emn7l9c7dkntfrmgfrujf7663', '2017-03-29 18:13:37'),
(670, 28, 96, 1, 0, '3ulvkoona15v21rri86c5njgo5', '2017-03-29 18:13:39'),
(671, 28, 96, 1, 0, '7a6jumi9nptchnjso24dnt9tj1', '2017-03-29 18:13:39'),
(672, 28, 96, 1, 0, 'b9891iabjn3sv97klq5fbc8f26', '2017-03-29 18:13:40'),
(673, 28, 96, 1, 0, 'cnmiv11jtrpb20qcm9gklsbvq1', '2017-03-29 18:13:43'),
(674, 28, 96, 4, 0, 'fockueblplsep3rksq03lrf8i1', '2017-03-29 18:13:50'),
(675, 28, 96, 1, 0, 'otkohuh412mupb75npkohg09v0', '2017-03-29 18:13:53'),
(676, 28, 96, 2, 0, 's6t720e5gda0hs5tooeuqv2lg4', '2017-03-29 18:14:14'),
(677, 28, 96, 2, 0, 'h8lgo8je32sv2enhjco0ckcd24', '2017-03-29 18:14:41'),
(678, 28, 96, 5, 0, 'g15ol2vdnon4hs921u6plhd1j6', '2017-03-29 18:14:44'),
(679, 28, 96, 5, 0, 'gqlqtevqocegrm0fbv3kkmng44', '2017-03-29 18:14:47'),
(680, 28, 96, 3, 0, 'uu35kc2q6qkevhlsdk1fip4d11', '2017-03-29 18:14:53'),
(681, 28, 96, 5, 0, '6fg4gskukqs4o1875umsgna5s6', '2017-03-29 18:14:54'),
(682, 28, 96, 5, 0, '7cku91svn37nmnu8avbhr835q4', '2017-03-29 18:14:55'),
(683, 28, 96, 5, 0, 't87trgah9qtk6bptgfth4ltbv5', '2017-03-29 18:14:58'),
(684, 28, 96, 2, 0, 'k8rsou138idrok6bi2k41sa6g5', '2017-03-29 18:14:58'),
(685, 28, 96, 5, 0, 'nc9a7fuqiqpubpmgndq4kk9q31', '2017-03-29 18:15:01'),
(686, 28, 96, 5, 0, 'dhdolk84q13r8aimpe28919s07', '2017-03-29 18:15:05'),
(687, 28, 96, 5, 0, 'km9h657a0olic7036q6c4a3r41', '2017-03-29 18:15:07'),
(688, 28, 96, 2, 0, 'i72m1illtmdk6umnporklkgqv7', '2017-03-29 18:15:13'),
(689, 28, 96, 2, 0, 'rrje3ict6kapck2hutai9f6bh7', '2017-03-29 18:15:13'),
(690, 28, 96, 2, 0, 'k3kde1s29s2f1tmrmvc3lu5g86', '2017-03-29 18:15:15'),
(691, 28, 96, 5, 0, '6q7br6ugjsq2k9i9tjm23u8ku6', '2017-03-29 18:15:17'),
(692, 28, 96, 5, 0, 'cu7ap4in4lvsrok2io6e8rhuv5', '2017-03-29 18:15:25'),
(693, 28, 96, 5, 0, 'm2lpalu06udhqi58fipjbvuim4', '2017-03-29 18:15:31'),
(694, 28, 96, 2, 0, 'vu6k6hg7eo7a9thrjq4smtd6g3', '2017-03-29 18:15:34'),
(734, 29, 97, 3, 0, 'r3ja7598gm3gcud6gqdhfceuj0', '2017-05-26 13:04:18'),
(735, 29, 97, 4, 0, 'n14a2ooqtohq31438m7f3tkkv2', '2017-05-26 13:04:18'),
(736, 29, 97, 3, 0, 'bb0vpc239ijp8k95l6eodorr85', '2017-05-26 13:04:18'),
(737, 29, 97, 3, 0, 'g6brjsvchfa2do3hrdpmflqvc0', '2017-05-26 13:04:19'),
(738, 29, 97, 3, 0, 'md2k2lvbenafn9s5v7infc60q1', '2017-05-26 13:04:19'),
(739, 29, 97, 3, 0, 'nq6c9rg3u52v9b6n83epld6dm0', '2017-05-26 13:04:19'),
(740, 29, 97, 3, 0, 'gooiqu4112g0c9hu5c0lmdlnt7', '2017-05-26 13:04:19'),
(741, 29, 97, 3, 0, '20qehehuttpt4mtor097ejnoh3', '2017-05-26 13:04:19'),
(742, 29, 97, 2, 0, 'pqifqj3cgmumuvibdik52srt00', '2017-05-26 13:04:19'),
(743, 29, 97, 3, 0, 'nki5l85ajjhmu39c78qnlkpab3', '2017-05-26 13:04:19'),
(744, 29, 97, 3, 0, 'vbr3i5fr8fipnk7hs60vr1g8j1', '2017-05-26 13:04:19'),
(745, 29, 97, 4, 0, 'nah1cjurtgn1dm3dn28a331ev1', '2017-05-26 13:04:20'),
(746, 29, 97, 4, 0, 'fp5s64tm9fsi2je3olhds3btk4', '2017-05-26 13:04:20'),
(747, 29, 97, 3, 0, '3beo2veuci6gnv8bdd4ka86ev4', '2017-05-26 13:04:20'),
(748, 29, 97, 3, 0, '1a66isda1r10br3ju02hloiki5', '2017-05-26 13:04:20'),
(749, 29, 97, 3, 0, 'bpis4jibcobcb88o9h55cg4987', '2017-05-26 13:04:20'),
(750, 29, 97, 3, 0, 'gj8n09jffon36hlsjgtc31t4s6', '2017-05-26 13:04:20'),
(751, 29, 97, 3, 0, 't9cc3jn4tjjrnlku78ajvtnkp7', '2017-05-26 13:04:20'),
(752, 29, 97, 4, 0, 'kmpkddktioou5au1qd1aus2sr7', '2017-05-26 13:04:20'),
(753, 29, 97, 3, 0, 'a7r0hcsl8sjt6odgg4ujihtvb6', '2017-05-26 13:04:20'),
(754, 29, 97, 2, 0, 'cggdatdqqtal9fgddgd60e0cf7', '2017-05-26 13:04:20'),
(755, 29, 97, 3, 0, 'h8gp5bhl339kbkqitf4ce7tv32', '2017-05-26 13:04:21'),
(756, 29, 97, 3, 0, '154li793f23imk9ubaqoe3eqs1', '2017-05-26 13:04:21'),
(757, 29, 97, 3, 0, 'jli1qannb2ihjms51n7lc9qv35', '2017-05-26 13:04:21'),
(758, 29, 97, 3, 0, 'gceq5a60g3r8l26c5h7kjl72c4', '2017-05-26 13:04:21'),
(759, 29, 97, 3, 0, 'krm776lnt5q26id8bpq6f6e7b1', '2017-05-26 13:04:21'),
(760, 29, 97, 3, 0, 'ga51q6imhk3notg2tvvoigthq2', '2017-05-26 13:04:21'),
(761, 29, 97, 3, 0, 'u8rg481gi36apjotb7fqi8pa40', '2017-05-26 13:04:21'),
(762, 29, 97, 2, 0, 'bja8bquvtein2mqh3pmgbij1l0', '2017-05-26 13:04:21'),
(763, 29, 97, 3, 0, 'e71j40tsbgqlsciirplnc9c5t2', '2017-05-26 13:04:21'),
(764, 29, 97, 2, 0, 'cnb4el5b3qe7hl5h0ftkc0epe6', '2017-05-26 13:04:21'),
(765, 29, 97, 3, 0, 'jdqp9rdgkuq4ch4mignv84qsf5', '2017-05-26 13:04:21'),
(766, 29, 97, 2, 0, 'b2hs7m3blq2eqgq70cinq1te50', '2017-05-26 13:04:21'),
(767, 29, 97, 3, 0, 'kuive5kjr1mfatj3m10rsscp95', '2017-05-26 13:04:21'),
(768, 29, 97, 3, 0, 'l6ehmj3c43cvfqe4523rimn3b2', '2017-05-26 13:04:21'),
(769, 29, 97, 3, 0, 'odgr8uuhd0ei3s05ao3efsp4s6', '2017-05-26 13:04:21'),
(770, 29, 97, 4, 0, 'hjmjhcm5hsudcsnsktktugbk02', '2017-05-26 13:04:21'),
(771, 29, 97, 3, 0, 'nbv41qd7h0fv9orb3dtskg1ah4', '2017-05-26 13:04:21'),
(772, 29, 97, 3, 0, 's4132qtpu6606khj1038eg3md3', '2017-05-26 13:04:21'),
(773, 29, 97, 3, 0, '279p5d9knj1mu5vts76glgqu94', '2017-05-26 13:04:21'),
(774, 29, 97, 3, 0, '8e76i12p0i8689kqjkim13qmm0', '2017-05-26 13:04:22'),
(775, 29, 97, 3, 0, 'e92tnb9prb66kra9a6o3krva04', '2017-05-26 13:04:22'),
(776, 29, 97, 3, 0, 'b9osdofc9j0t0uquqnhagd07m0', '2017-05-26 13:04:22'),
(777, 29, 97, 4, 0, '4mdoshatmmku1iu7ia0a7jhd52', '2017-05-26 13:04:22'),
(778, 29, 97, 3, 0, 'qaj2qfjeji3kda792m1e8u5d24', '2017-05-26 13:04:22'),
(779, 29, 97, 4, 0, 'kpojndnqb1v0ppfefj451cf2s4', '2017-05-26 13:04:22'),
(780, 29, 97, 3, 0, 'j2drlk48h3nbfedm2jc3bl8vs1', '2017-05-26 13:04:22'),
(781, 29, 97, 2, 0, 'mrt61hs1hofcapdjp8tuc81rd3', '2017-05-26 13:04:22'),
(782, 29, 97, 3, 0, 'fh2fpnjeh9edr1h2u71t4lfc46', '2017-05-26 13:04:22'),
(783, 29, 97, 3, 0, 'r0m1ij6nd2k9ok0gc7bs0apl03', '2017-05-26 13:04:22'),
(784, 29, 97, 3, 0, 'qdf7n2cfdq3svcoo8qh8i6k8c7', '2017-05-26 13:04:22'),
(785, 29, 97, 1, 0, 'brqjqmee19qe0fdj8cfhpdpc37', '2017-05-26 13:04:23'),
(786, 29, 97, 3, 0, '6chvrpgqga8mqm54oapoqesk37', '2017-05-26 13:04:23'),
(787, 29, 97, 3, 0, '56itcacnsd25ti03iotf718nm0', '2017-05-26 13:04:23'),
(788, 29, 97, 3, 0, 'ku5rp54m5js9nveu9dbdg4uov1', '2017-05-26 13:04:23'),
(789, 29, 97, 3, 0, 'eqjeak4mdopg0lmr4s4ru24pk6', '2017-05-26 13:04:24'),
(790, 29, 97, 2, 0, 'il9n3ugorl1s1sleo65kgjmhi6', '2017-05-26 13:04:25'),
(791, 29, 97, 3, 0, 'bf84pnptsq7j03fl75d9l55h44', '2017-05-26 13:04:25'),
(792, 29, 97, 4, 0, 'smq8506qodbfpn68bg171p78k3', '2017-05-26 13:04:25'),
(793, 29, 97, 3, 0, 'onjbabp9debd0d24ogis1ha0k6', '2017-05-26 13:04:26'),
(794, 29, 97, 2, 0, 'j6t6h1f7v3d3sfrv1eee5mk9t5', '2017-05-26 13:04:27'),
(795, 29, 97, 2, 0, 'ik4apjjf9632k1c5atphn0dn37', '2017-05-26 13:04:27'),
(796, 29, 97, 3, 0, 'hj054d949g6l51s1qt67fvj697', '2017-05-26 13:04:27'),
(797, 29, 97, 3, 0, '661no6ocqd2prgkut79ps87620', '2017-05-26 13:04:29'),
(798, 29, 97, 3, 0, 'h9r5fi4qk7utpqb7jt8fgigfh5', '2017-05-26 13:04:29'),
(799, 29, 97, 4, 0, '0dvjbrf289peh3kqj3umhn5vm4', '2017-05-26 13:04:29'),
(800, 29, 97, 3, 0, '51g4569dub5qfulff6te9sk7u3', '2017-05-26 13:04:29'),
(801, 29, 97, 3, 0, 'uekst05o1l0c8jr5n901k496j0', '2017-05-26 13:04:30'),
(802, 29, 97, 3, 0, '6t3ce6q33ci3ngtlvu3emjo4s4', '2017-05-26 13:04:32'),
(803, 29, 97, 2, 0, '5a10569j3jrqrqgmq5l2s5c1d6', '2017-05-26 13:04:33'),
(804, 29, 99, 4, 0, 'il9n3ugorl1s1sleo65kgjmhi6', '2017-05-26 13:06:12'),
(805, 29, 99, 3, 0, 'gj8n09jffon36hlsjgtc31t4s6', '2017-05-26 13:06:27'),
(806, 29, 99, 3, 0, 'g6brjsvchfa2do3hrdpmflqvc0', '2017-05-26 13:06:27'),
(807, 29, 99, 3, 0, '4mdoshatmmku1iu7ia0a7jhd52', '2017-05-26 13:06:27'),
(808, 29, 99, 4, 0, 'cnb4el5b3qe7hl5h0ftkc0epe6', '2017-05-26 13:06:27'),
(809, 29, 99, 3, 0, 'qdf7n2cfdq3svcoo8qh8i6k8c7', '2017-05-26 13:06:28'),
(810, 29, 99, 3, 0, 'fp5s64tm9fsi2je3olhds3btk4', '2017-05-26 13:06:28'),
(811, 29, 99, 3, 0, 'md2k2lvbenafn9s5v7infc60q1', '2017-05-26 13:06:28'),
(812, 29, 99, 4, 0, 'bpis4jibcobcb88o9h55cg4987', '2017-05-26 13:06:28'),
(813, 29, 99, 4, 0, 't9cc3jn4tjjrnlku78ajvtnkp7', '2017-05-26 13:06:28'),
(814, 29, 99, 3, 0, 'vbr3i5fr8fipnk7hs60vr1g8j1', '2017-05-26 13:06:29'),
(815, 29, 99, 3, 0, 'kmpkddktioou5au1qd1aus2sr7', '2017-05-26 13:06:29'),
(816, 29, 99, 3, 0, 'h8gp5bhl339kbkqitf4ce7tv32', '2017-05-26 13:06:29'),
(817, 29, 99, 3, 0, 'gooiqu4112g0c9hu5c0lmdlnt7', '2017-05-26 13:06:29'),
(818, 29, 99, 4, 0, 'a7r0hcsl8sjt6odgg4ujihtvb6', '2017-05-26 13:06:29'),
(819, 29, 99, 4, 0, 'nah1cjurtgn1dm3dn28a331ev1', '2017-05-26 13:06:29'),
(820, 29, 99, 3, 0, 'h9r5fi4qk7utpqb7jt8fgigfh5', '2017-05-26 13:06:29'),
(821, 29, 99, 3, 0, 'ku5rp54m5js9nveu9dbdg4uov1', '2017-05-26 13:06:29'),
(822, 29, 99, 4, 0, '3beo2veuci6gnv8bdd4ka86ev4', '2017-05-26 13:06:29'),
(823, 29, 99, 3, 0, '154li793f23imk9ubaqoe3eqs1', '2017-05-26 13:06:29'),
(824, 29, 99, 3, 0, 'gceq5a60g3r8l26c5h7kjl72c4', '2017-05-26 13:06:30'),
(825, 29, 99, 1, 0, 'hj054d949g6l51s1qt67fvj697', '2017-05-26 13:06:30'),
(826, 29, 99, 3, 0, 'brqjqmee19qe0fdj8cfhpdpc37', '2017-05-26 13:06:30'),
(827, 29, 99, 3, 0, 'hjmjhcm5hsudcsnsktktugbk02', '2017-05-26 13:06:30'),
(828, 29, 99, 3, 0, 'j2drlk48h3nbfedm2jc3bl8vs1', '2017-05-26 13:06:30'),
(829, 29, 99, 4, 0, 's4132qtpu6606khj1038eg3md3', '2017-05-26 13:06:30'),
(830, 29, 99, 3, 0, 'l6ehmj3c43cvfqe4523rimn3b2', '2017-05-26 13:06:30'),
(831, 29, 99, 3, 0, 'bf84pnptsq7j03fl75d9l55h44', '2017-05-26 13:06:30'),
(832, 29, 99, 3, 0, 'bja8bquvtein2mqh3pmgbij1l0', '2017-05-26 13:06:30'),
(833, 29, 99, 4, 0, '7jse43f7tic50v1vh5gpm8its7', '2017-05-26 13:06:30'),
(834, 29, 99, 3, 0, 'e71j40tsbgqlsciirplnc9c5t2', '2017-05-26 13:06:30'),
(835, 29, 99, 3, 0, '279p5d9knj1mu5vts76glgqu94', '2017-05-26 13:06:30'),
(836, 29, 99, 3, 0, 'ik4apjjf9632k1c5atphn0dn37', '2017-05-26 13:06:30'),
(837, 29, 99, 3, 0, 'nki5l85ajjhmu39c78qnlkpab3', '2017-05-26 13:06:30'),
(838, 29, 99, 3, 0, 'nbv41qd7h0fv9orb3dtskg1ah4', '2017-05-26 13:06:30'),
(839, 29, 99, 4, 0, '56itcacnsd25ti03iotf718nm0', '2017-05-26 13:06:30'),
(840, 29, 99, 3, 0, 'smq8506qodbfpn68bg171p78k3', '2017-05-26 13:06:30'),
(841, 29, 99, 4, 0, 'qaj2qfjeji3kda792m1e8u5d24', '2017-05-26 13:06:30'),
(842, 29, 99, 4, 0, 'gbukn3qs9be9qsfutdvts3ujg0', '2017-05-26 13:06:30'),
(843, 29, 99, 4, 0, 'u8rg481gi36apjotb7fqi8pa40', '2017-05-26 13:06:31'),
(844, 29, 99, 3, 0, 'kuive5kjr1mfatj3m10rsscp95', '2017-05-26 13:06:31'),
(845, 29, 99, 4, 0, 'mjpph5988h7kmjgp33ivk3oad5', '2017-05-26 13:06:31'),
(846, 29, 99, 4, 0, 'cggdatdqqtal9fgddgd60e0cf7', '2017-05-26 13:06:31'),
(847, 29, 99, 3, 0, '1a66isda1r10br3ju02hloiki5', '2017-05-26 13:06:31'),
(848, 29, 99, 3, 0, 'r0m1ij6nd2k9ok0gc7bs0apl03', '2017-05-26 13:06:31'),
(849, 29, 99, 3, 0, '8e76i12p0i8689kqjkim13qmm0', '2017-05-26 13:06:31'),
(850, 29, 99, 3, 0, 'nq6c9rg3u52v9b6n83epld6dm0', '2017-05-26 13:06:32'),
(851, 29, 99, 3, 0, 'j6t6h1f7v3d3sfrv1eee5mk9t5', '2017-05-26 13:06:32'),
(852, 29, 99, 4, 0, 'ga51q6imhk3notg2tvvoigthq2', '2017-05-26 13:06:32'),
(853, 29, 99, 3, 0, '5a10569j3jrqrqgmq5l2s5c1d6', '2017-05-26 13:06:33'),
(854, 29, 99, 4, 0, '6chvrpgqga8mqm54oapoqesk37', '2017-05-26 13:06:33'),
(855, 29, 99, 3, 0, 'uekst05o1l0c8jr5n901k496j0', '2017-05-26 13:06:33'),
(856, 29, 99, 3, 0, '7hjrqbbitfl7lunooni4ka7sa1', '2017-05-26 13:06:33'),
(857, 29, 99, 3, 0, 'j7o9b9qk3mvbsvf0lsqisn56n1', '2017-05-26 13:06:33'),
(858, 29, 99, 4, 0, 'fh2fpnjeh9edr1h2u71t4lfc46', '2017-05-26 13:06:34'),
(859, 29, 99, 3, 0, 'b9osdofc9j0t0uquqnhagd07m0', '2017-05-26 13:06:34'),
(860, 29, 99, 3, 0, 'kpojndnqb1v0ppfefj451cf2s4', '2017-05-26 13:06:34'),
(861, 29, 99, 4, 0, 'bb0vpc239ijp8k95l6eodorr85', '2017-05-26 13:06:34'),
(862, 29, 99, 4, 0, '51g4569dub5qfulff6te9sk7u3', '2017-05-26 13:06:35'),
(863, 29, 99, 3, 0, '661no6ocqd2prgkut79ps87620', '2017-05-26 13:06:36'),
(864, 29, 99, 3, 0, 'jdqp9rdgkuq4ch4mignv84qsf5', '2017-05-26 13:06:36'),
(865, 29, 99, 3, 0, '20qehehuttpt4mtor097ejnoh3', '2017-05-26 13:06:37'),
(866, 29, 99, 3, 0, 'eqjeak4mdopg0lmr4s4ru24pk6', '2017-05-26 13:06:37'),
(867, 29, 99, 3, 0, '6t3ce6q33ci3ngtlvu3emjo4s4', '2017-05-26 13:06:38'),
(868, 29, 99, 3, 0, 'jli1qannb2ihjms51n7lc9qv35', '2017-05-26 13:06:38'),
(869, 29, 99, 4, 0, 'r3ja7598gm3gcud6gqdhfceuj0', '2017-05-26 13:06:38'),
(870, 29, 99, 4, 0, 'krm776lnt5q26id8bpq6f6e7b1', '2017-05-26 13:06:39'),
(871, 29, 99, 3, 0, 'odgr8uuhd0ei3s05ao3efsp4s6', '2017-05-26 13:06:45'),
(872, 29, 99, 4, 0, 'b2hs7m3blq2eqgq70cinq1te50', '2017-05-26 13:06:47'),
(873, 29, 99, 3, 0, '0dvjbrf289peh3kqj3umhn5vm4', '2017-05-26 13:06:47'),
(874, 29, 99, 3, 0, 'mrt61hs1hofcapdjp8tuc81rd3', '2017-05-26 13:06:53'),
(875, 29, 99, 3, 0, 'onjbabp9debd0d24ogis1ha0k6', '2017-05-26 13:06:54'),
(876, 29, 100, 4, 0, 'gbukn3qs9be9qsfutdvts3ujg0', '2017-05-26 13:08:29'),
(877, 29, 100, 2, 0, '7jse43f7tic50v1vh5gpm8its7', '2017-05-26 13:08:30'),
(878, 29, 100, 2, 0, 'nbv41qd7h0fv9orb3dtskg1ah4', '2017-05-26 13:08:30'),
(879, 29, 100, 2, 0, 'cnb4el5b3qe7hl5h0ftkc0epe6', '2017-05-26 13:08:31'),
(880, 29, 100, 2, 0, 'fp5s64tm9fsi2je3olhds3btk4', '2017-05-26 13:08:31'),
(881, 29, 100, 4, 0, 'gj8n09jffon36hlsjgtc31t4s6', '2017-05-26 13:08:31'),
(882, 29, 100, 2, 0, '279p5d9knj1mu5vts76glgqu94', '2017-05-26 13:08:31'),
(883, 29, 100, 1, 0, 'bja8bquvtein2mqh3pmgbij1l0', '2017-05-26 13:08:31'),
(884, 29, 100, 4, 0, 'g6brjsvchfa2do3hrdpmflqvc0', '2017-05-26 13:08:31'),
(885, 29, 100, 1, 0, 'kmpkddktioou5au1qd1aus2sr7', '2017-05-26 13:08:31'),
(886, 29, 100, 4, 0, 'vbr3i5fr8fipnk7hs60vr1g8j1', '2017-05-26 13:08:32'),
(887, 29, 100, 1, 0, 'l6ehmj3c43cvfqe4523rimn3b2', '2017-05-26 13:08:32'),
(888, 29, 100, 2, 0, 'h8gp5bhl339kbkqitf4ce7tv32', '2017-05-26 13:08:32'),
(889, 29, 100, 4, 0, 'mrt61hs1hofcapdjp8tuc81rd3', '2017-05-26 13:08:32'),
(890, 29, 100, 1, 0, 't9cc3jn4tjjrnlku78ajvtnkp7', '2017-05-26 13:08:32'),
(891, 29, 100, 2, 0, 'il9n3ugorl1s1sleo65kgjmhi6', '2017-05-26 13:08:32'),
(892, 29, 100, 2, 0, 'smq8506qodbfpn68bg171p78k3', '2017-05-26 13:08:32'),
(893, 29, 100, 2, 0, '20qehehuttpt4mtor097ejnoh3', '2017-05-26 13:08:32'),
(894, 29, 100, 1, 0, 'ga51q6imhk3notg2tvvoigthq2', '2017-05-26 13:08:32'),
(895, 29, 100, 2, 0, 'b2hs7m3blq2eqgq70cinq1te50', '2017-05-26 13:08:32'),
(896, 29, 100, 1, 0, 'j6t6h1f7v3d3sfrv1eee5mk9t5', '2017-05-26 13:08:32'),
(897, 29, 100, 2, 0, '8e76i12p0i8689kqjkim13qmm0', '2017-05-26 13:08:33'),
(898, 29, 100, 4, 0, 'uekst05o1l0c8jr5n901k496j0', '2017-05-26 13:08:33'),
(899, 29, 100, 2, 0, 'bb0vpc239ijp8k95l6eodorr85', '2017-05-26 13:08:34'),
(900, 29, 100, 2, 0, 'e71j40tsbgqlsciirplnc9c5t2', '2017-05-26 13:08:34'),
(901, 29, 100, 4, 0, 'j2drlk48h3nbfedm2jc3bl8vs1', '2017-05-26 13:08:34'),
(902, 29, 100, 2, 0, '4mdoshatmmku1iu7ia0a7jhd52', '2017-05-26 13:08:34'),
(903, 29, 100, 1, 0, 'brqjqmee19qe0fdj8cfhpdpc37', '2017-05-26 13:08:35'),
(904, 29, 100, 2, 0, 'h9r5fi4qk7utpqb7jt8fgigfh5', '2017-05-26 13:08:35'),
(905, 29, 100, 2, 0, 'ku5rp54m5js9nveu9dbdg4uov1', '2017-05-26 13:08:35'),
(906, 29, 100, 2, 0, 'md2k2lvbenafn9s5v7infc60q1', '2017-05-26 13:08:35'),
(907, 29, 100, 2, 0, 'a7r0hcsl8sjt6odgg4ujihtvb6', '2017-05-26 13:08:35'),
(908, 29, 100, 4, 0, '7hjrqbbitfl7lunooni4ka7sa1', '2017-05-26 13:08:35'),
(909, 29, 100, 2, 0, 'bf84pnptsq7j03fl75d9l55h44', '2017-05-26 13:08:35'),
(910, 29, 100, 4, 0, '154li793f23imk9ubaqoe3eqs1', '2017-05-26 13:08:35'),
(911, 29, 100, 2, 0, '3beo2veuci6gnv8bdd4ka86ev4', '2017-05-26 13:08:35'),
(912, 29, 100, 4, 0, 'gooiqu4112g0c9hu5c0lmdlnt7', '2017-05-26 13:08:35'),
(913, 29, 100, 2, 0, '51g4569dub5qfulff6te9sk7u3', '2017-05-26 13:08:36'),
(914, 29, 100, 2, 0, 'bpis4jibcobcb88o9h55cg4987', '2017-05-26 13:08:36'),
(915, 29, 100, 2, 0, '56itcacnsd25ti03iotf718nm0', '2017-05-26 13:08:37'),
(916, 29, 100, 1, 0, 'u8rg481gi36apjotb7fqi8pa40', '2017-05-26 13:08:39'),
(917, 29, 100, 4, 0, 'jli1qannb2ihjms51n7lc9qv35', '2017-05-26 13:08:39'),
(918, 29, 100, 2, 0, 'b9osdofc9j0t0uquqnhagd07m0', '2017-05-26 13:08:39'),
(919, 29, 100, 1, 0, 's4132qtpu6606khj1038eg3md3', '2017-05-26 13:08:40'),
(920, 29, 100, 2, 0, 'nq6c9rg3u52v9b6n83epld6dm0', '2017-05-26 13:08:40'),
(921, 29, 100, 2, 0, 'mjpph5988h7kmjgp33ivk3oad5', '2017-05-26 13:08:40'),
(922, 29, 100, 2, 0, 'qdf7n2cfdq3svcoo8qh8i6k8c7', '2017-05-26 13:08:40'),
(923, 29, 100, 2, 0, '0dvjbrf289peh3kqj3umhn5vm4', '2017-05-26 13:08:40'),
(924, 29, 100, 4, 0, 'kpojndnqb1v0ppfefj451cf2s4', '2017-05-26 13:08:40'),
(925, 29, 100, 4, 0, 'gceq5a60g3r8l26c5h7kjl72c4', '2017-05-26 13:08:41'),
(926, 29, 100, 2, 0, '5a10569j3jrqrqgmq5l2s5c1d6', '2017-05-26 13:08:41'),
(927, 29, 100, 2, 0, 'nki5l85ajjhmu39c78qnlkpab3', '2017-05-26 13:08:42'),
(928, 29, 100, 2, 0, 'jdqp9rdgkuq4ch4mignv84qsf5', '2017-05-26 13:08:42'),
(929, 29, 100, 1, 0, 'ik4apjjf9632k1c5atphn0dn37', '2017-05-26 13:08:42'),
(930, 29, 100, 4, 0, 'krm776lnt5q26id8bpq6f6e7b1', '2017-05-26 13:08:43'),
(931, 29, 100, 1, 0, 'fh2fpnjeh9edr1h2u71t4lfc46', '2017-05-26 13:08:43'),
(932, 29, 100, 4, 0, 'hjmjhcm5hsudcsnsktktugbk02', '2017-05-26 13:08:44'),
(933, 29, 100, 4, 0, '6chvrpgqga8mqm54oapoqesk37', '2017-05-26 13:08:45'),
(934, 29, 100, 4, 0, 'onjbabp9debd0d24ogis1ha0k6', '2017-05-26 13:08:46'),
(935, 29, 100, 2, 0, '6t3ce6q33ci3ngtlvu3emjo4s4', '2017-05-26 13:08:46'),
(936, 29, 100, 2, 0, 'r0m1ij6nd2k9ok0gc7bs0apl03', '2017-05-26 13:08:47'),
(937, 29, 100, 3, 0, 'odgr8uuhd0ei3s05ao3efsp4s6', '2017-05-26 13:08:47'),
(938, 29, 100, 4, 0, 'nah1cjurtgn1dm3dn28a331ev1', '2017-05-26 13:08:48'),
(939, 29, 100, 4, 0, 'pqifqj3cgmumuvibdik52srt00', '2017-05-26 13:08:48'),
(940, 29, 100, 4, 0, 'j7o9b9qk3mvbsvf0lsqisn56n1', '2017-05-26 13:08:50'),
(941, 29, 100, 4, 0, 'kuive5kjr1mfatj3m10rsscp95', '2017-05-26 13:08:50'),
(942, 29, 101, 4, 0, 'a7r0hcsl8sjt6odgg4ujihtvb6', '2017-05-26 13:10:42'),
(943, 29, 101, 4, 0, 't9cc3jn4tjjrnlku78ajvtnkp7', '2017-05-26 13:10:42'),
(944, 29, 101, 4, 0, '1a66isda1r10br3ju02hloiki5', '2017-05-26 13:10:42'),
(945, 29, 101, 4, 0, 'u8rg481gi36apjotb7fqi8pa40', '2017-05-26 13:10:42'),
(946, 29, 101, 4, 0, 'l6ehmj3c43cvfqe4523rimn3b2', '2017-05-26 13:10:42'),
(947, 29, 101, 4, 0, '279p5d9knj1mu5vts76glgqu94', '2017-05-26 13:10:42'),
(948, 29, 101, 4, 0, '5a10569j3jrqrqgmq5l2s5c1d6', '2017-05-26 13:10:42'),
(949, 29, 101, 4, 0, 'mrt61hs1hofcapdjp8tuc81rd3', '2017-05-26 13:10:42'),
(950, 29, 101, 4, 0, 'h8gp5bhl339kbkqitf4ce7tv32', '2017-05-26 13:10:42'),
(951, 29, 101, 4, 0, 'qaj2qfjeji3kda792m1e8u5d24', '2017-05-26 13:10:42'),
(952, 29, 101, 4, 0, '8e76i12p0i8689kqjkim13qmm0', '2017-05-26 13:10:42'),
(953, 29, 101, 4, 0, 'bja8bquvtein2mqh3pmgbij1l0', '2017-05-26 13:10:42'),
(954, 29, 101, 4, 0, 'brqjqmee19qe0fdj8cfhpdpc37', '2017-05-26 13:10:42'),
(955, 29, 101, 4, 0, '7hjrqbbitfl7lunooni4ka7sa1', '2017-05-26 13:10:43'),
(956, 29, 101, 4, 0, 'cnb4el5b3qe7hl5h0ftkc0epe6', '2017-05-26 13:10:43'),
(957, 29, 101, 4, 0, '51g4569dub5qfulff6te9sk7u3', '2017-05-26 13:10:43'),
(958, 29, 101, 4, 0, 'bpis4jibcobcb88o9h55cg4987', '2017-05-26 13:10:43'),
(959, 29, 101, 4, 0, 'ik4apjjf9632k1c5atphn0dn37', '2017-05-26 13:10:43'),
(960, 29, 101, 4, 0, 'b2hs7m3blq2eqgq70cinq1te50', '2017-05-26 13:10:43'),
(961, 29, 101, 4, 0, 'nbv41qd7h0fv9orb3dtskg1ah4', '2017-05-26 13:10:43'),
(962, 29, 101, 4, 0, 'r3ja7598gm3gcud6gqdhfceuj0', '2017-05-26 13:10:43'),
(963, 29, 101, 4, 0, 'uekst05o1l0c8jr5n901k496j0', '2017-05-26 13:10:43'),
(964, 29, 101, 4, 0, 'g6brjsvchfa2do3hrdpmflqvc0', '2017-05-26 13:10:43'),
(965, 29, 101, 4, 0, 'cggdatdqqtal9fgddgd60e0cf7', '2017-05-26 13:10:43'),
(966, 29, 101, 4, 0, '20qehehuttpt4mtor097ejnoh3', '2017-05-26 13:10:43'),
(967, 29, 101, 4, 0, 'ga51q6imhk3notg2tvvoigthq2', '2017-05-26 13:10:43'),
(968, 29, 101, 4, 0, '4mdoshatmmku1iu7ia0a7jhd52', '2017-05-26 13:10:43'),
(969, 29, 101, 4, 0, 'qdf7n2cfdq3svcoo8qh8i6k8c7', '2017-05-26 13:10:43'),
(970, 29, 101, 4, 0, 'gj8n09jffon36hlsjgtc31t4s6', '2017-05-26 13:10:43'),
(971, 29, 101, 4, 0, 'nki5l85ajjhmu39c78qnlkpab3', '2017-05-26 13:10:43'),
(972, 29, 101, 4, 0, 'e71j40tsbgqlsciirplnc9c5t2', '2017-05-26 13:10:43'),
(973, 29, 101, 4, 0, 'ku5rp54m5js9nveu9dbdg4uov1', '2017-05-26 13:10:44'),
(974, 29, 101, 4, 0, '7jse43f7tic50v1vh5gpm8its7', '2017-05-26 13:10:44'),
(975, 29, 101, 4, 0, 'h9r5fi4qk7utpqb7jt8fgigfh5', '2017-05-26 13:10:44'),
(976, 29, 101, 4, 0, '6chvrpgqga8mqm54oapoqesk37', '2017-05-26 13:10:44'),
(977, 29, 101, 4, 0, 'hjmjhcm5hsudcsnsktktugbk02', '2017-05-26 13:10:44'),
(978, 29, 101, 4, 0, 'gbukn3qs9be9qsfutdvts3ujg0', '2017-05-26 13:10:44'),
(979, 29, 101, 4, 0, 'krm776lnt5q26id8bpq6f6e7b1', '2017-05-26 13:10:44'),
(980, 29, 101, 4, 0, 'fp5s64tm9fsi2je3olhds3btk4', '2017-05-26 13:10:44'),
(981, 29, 101, 4, 0, 's4132qtpu6606khj1038eg3md3', '2017-05-26 13:10:44'),
(982, 29, 101, 4, 0, 'fh2fpnjeh9edr1h2u71t4lfc46', '2017-05-26 13:10:45'),
(983, 29, 101, 4, 0, '154li793f23imk9ubaqoe3eqs1', '2017-05-26 13:10:45'),
(984, 29, 101, 4, 0, 'md2k2lvbenafn9s5v7infc60q1', '2017-05-26 13:10:45'),
(985, 29, 101, 4, 0, 'kuive5kjr1mfatj3m10rsscp95', '2017-05-26 13:10:45'),
(986, 29, 101, 4, 0, 'gceq5a60g3r8l26c5h7kjl72c4', '2017-05-26 13:10:45'),
(987, 29, 101, 4, 0, 'r0m1ij6nd2k9ok0gc7bs0apl03', '2017-05-26 13:10:45'),
(988, 29, 101, 4, 0, 'mjpph5988h7kmjgp33ivk3oad5', '2017-05-26 13:10:45'),
(989, 29, 101, 4, 0, 'nq6c9rg3u52v9b6n83epld6dm0', '2017-05-26 13:10:45'),
(990, 29, 101, 1, 0, 'j6t6h1f7v3d3sfrv1eee5mk9t5', '2017-05-26 13:10:45'),
(991, 29, 101, 4, 0, '6t3ce6q33ci3ngtlvu3emjo4s4', '2017-05-26 13:10:46'),
(992, 29, 101, 4, 0, '56itcacnsd25ti03iotf718nm0', '2017-05-26 13:10:46'),
(993, 29, 101, 1, 0, '0dvjbrf289peh3kqj3umhn5vm4', '2017-05-26 13:10:46'),
(994, 29, 101, 4, 0, '3beo2veuci6gnv8bdd4ka86ev4', '2017-05-26 13:10:47'),
(995, 29, 101, 4, 0, 'vbr3i5fr8fipnk7hs60vr1g8j1', '2017-05-26 13:10:47'),
(996, 29, 101, 4, 0, 'kmpkddktioou5au1qd1aus2sr7', '2017-05-26 13:10:47');
INSERT INTO `votos` (`id`, `id_evento`, `id_pregunta`, `id_respuesta`, `id_usuario`, `id_session`, `fecha`) VALUES
(997, 29, 101, 4, 0, 'j7o9b9qk3mvbsvf0lsqisn56n1', '2017-05-26 13:10:48'),
(998, 29, 101, 4, 0, '9n6egjbrfjj2oomq1830d0k9f5', '2017-05-26 13:10:49'),
(999, 29, 101, 4, 0, 'gooiqu4112g0c9hu5c0lmdlnt7', '2017-05-26 13:10:49'),
(1000, 29, 101, 4, 0, 'il9n3ugorl1s1sleo65kgjmhi6', '2017-05-26 13:10:51'),
(1001, 29, 101, 4, 0, 'pqifqj3cgmumuvibdik52srt00', '2017-05-26 13:10:51'),
(1002, 29, 101, 4, 0, 'bb0vpc239ijp8k95l6eodorr85', '2017-05-26 13:10:52'),
(1003, 29, 101, 4, 0, 'hj054d949g6l51s1qt67fvj697', '2017-05-26 13:10:53'),
(1004, 29, 101, 4, 0, '661no6ocqd2prgkut79ps87620', '2017-05-26 13:10:53'),
(1005, 29, 101, 1, 0, '8vr0u2b6f90h95ocda7esq00t7', '2017-05-26 13:10:53'),
(1006, 29, 101, 4, 0, 'jli1qannb2ihjms51n7lc9qv35', '2017-05-26 13:10:56'),
(1007, 29, 101, 4, 0, 'smq8506qodbfpn68bg171p78k3', '2017-05-26 13:10:56'),
(1008, 29, 101, 4, 0, 'b9osdofc9j0t0uquqnhagd07m0', '2017-05-26 13:10:57'),
(1009, 29, 101, 4, 0, 'jdqp9rdgkuq4ch4mignv84qsf5', '2017-05-26 13:10:59'),
(1010, 29, 102, 2, 0, 'gceq5a60g3r8l26c5h7kjl72c4', '2017-05-26 13:13:05'),
(1011, 29, 102, 2, 0, '1a66isda1r10br3ju02hloiki5', '2017-05-26 13:13:05'),
(1012, 29, 102, 2, 0, 'mrt61hs1hofcapdjp8tuc81rd3', '2017-05-26 13:13:05'),
(1013, 29, 102, 4, 0, '4mdoshatmmku1iu7ia0a7jhd52', '2017-05-26 13:13:05'),
(1014, 29, 102, 3, 0, '8vr0u2b6f90h95ocda7esq00t7', '2017-05-26 13:13:05'),
(1015, 29, 102, 2, 0, '7jse43f7tic50v1vh5gpm8its7', '2017-05-26 13:13:05'),
(1016, 29, 102, 2, 0, '3beo2veuci6gnv8bdd4ka86ev4', '2017-05-26 13:13:05'),
(1017, 29, 102, 2, 0, 'g6brjsvchfa2do3hrdpmflqvc0', '2017-05-26 13:13:05'),
(1018, 29, 102, 2, 0, 'gbukn3qs9be9qsfutdvts3ujg0', '2017-05-26 13:13:05'),
(1019, 29, 102, 2, 0, '279p5d9knj1mu5vts76glgqu94', '2017-05-26 13:13:05'),
(1020, 29, 102, 2, 0, 'cnb4el5b3qe7hl5h0ftkc0epe6', '2017-05-26 13:13:05'),
(1021, 29, 102, 2, 0, 'odgr8uuhd0ei3s05ao3efsp4s6', '2017-05-26 13:13:05'),
(1022, 29, 102, 2, 0, 'a7r0hcsl8sjt6odgg4ujihtvb6', '2017-05-26 13:13:05'),
(1023, 29, 102, 2, 0, 'kmpkddktioou5au1qd1aus2sr7', '2017-05-26 13:13:05'),
(1024, 29, 102, 2, 0, 'smq8506qodbfpn68bg171p78k3', '2017-05-26 13:13:05'),
(1025, 29, 102, 2, 0, 'nbv41qd7h0fv9orb3dtskg1ah4', '2017-05-26 13:13:06'),
(1026, 29, 102, 2, 0, 'h8gp5bhl339kbkqitf4ce7tv32', '2017-05-26 13:13:06'),
(1027, 29, 102, 2, 0, 'brqjqmee19qe0fdj8cfhpdpc37', '2017-05-26 13:13:06'),
(1028, 29, 102, 2, 0, 'l6ehmj3c43cvfqe4523rimn3b2', '2017-05-26 13:13:06'),
(1029, 29, 102, 2, 0, '7hjrqbbitfl7lunooni4ka7sa1', '2017-05-26 13:13:06'),
(1030, 29, 102, 2, 0, 'bja8bquvtein2mqh3pmgbij1l0', '2017-05-26 13:13:06'),
(1031, 29, 102, 2, 0, '20qehehuttpt4mtor097ejnoh3', '2017-05-26 13:13:06'),
(1032, 29, 102, 2, 0, 'jdqp9rdgkuq4ch4mignv84qsf5', '2017-05-26 13:13:06'),
(1033, 29, 102, 2, 0, 'il9n3ugorl1s1sleo65kgjmhi6', '2017-05-26 13:13:07'),
(1034, 29, 102, 2, 0, 'pqifqj3cgmumuvibdik52srt00', '2017-05-26 13:13:07'),
(1035, 29, 102, 4, 0, 'qdf7n2cfdq3svcoo8qh8i6k8c7', '2017-05-26 13:13:07'),
(1036, 29, 102, 2, 0, 'ik4apjjf9632k1c5atphn0dn37', '2017-05-26 13:13:07'),
(1037, 29, 102, 2, 0, 'md2k2lvbenafn9s5v7infc60q1', '2017-05-26 13:13:07'),
(1038, 29, 102, 2, 0, 'cggdatdqqtal9fgddgd60e0cf7', '2017-05-26 13:13:07'),
(1039, 29, 102, 2, 0, 'vbr3i5fr8fipnk7hs60vr1g8j1', '2017-05-26 13:13:07'),
(1040, 29, 102, 2, 0, 'e71j40tsbgqlsciirplnc9c5t2', '2017-05-26 13:13:08'),
(1041, 29, 102, 2, 0, 'h9r5fi4qk7utpqb7jt8fgigfh5', '2017-05-26 13:13:08'),
(1042, 29, 102, 2, 0, 'gooiqu4112g0c9hu5c0lmdlnt7', '2017-05-26 13:13:08'),
(1043, 29, 102, 2, 0, 'gj8n09jffon36hlsjgtc31t4s6', '2017-05-26 13:13:08'),
(1044, 29, 102, 2, 0, 'u8rg481gi36apjotb7fqi8pa40', '2017-05-26 13:13:08'),
(1045, 29, 102, 3, 0, 'j6t6h1f7v3d3sfrv1eee5mk9t5', '2017-05-26 13:13:09'),
(1046, 29, 102, 2, 0, 'j2drlk48h3nbfedm2jc3bl8vs1', '2017-05-26 13:13:09'),
(1047, 29, 102, 2, 0, 'nah1cjurtgn1dm3dn28a331ev1', '2017-05-26 13:13:09'),
(1048, 29, 102, 2, 0, 'ga51q6imhk3notg2tvvoigthq2', '2017-05-26 13:13:09'),
(1049, 29, 102, 2, 0, 'kpojndnqb1v0ppfefj451cf2s4', '2017-05-26 13:13:10'),
(1050, 29, 102, 2, 0, 'kuive5kjr1mfatj3m10rsscp95', '2017-05-26 13:13:10'),
(1051, 29, 102, 2, 0, 'n14a2ooqtohq31438m7f3tkkv2', '2017-05-26 13:13:10'),
(1052, 29, 102, 2, 0, 't9cc3jn4tjjrnlku78ajvtnkp7', '2017-05-26 13:13:10'),
(1053, 29, 102, 2, 0, 'hjmjhcm5hsudcsnsktktugbk02', '2017-05-26 13:13:11'),
(1054, 29, 102, 2, 0, 'mjpph5988h7kmjgp33ivk3oad5', '2017-05-26 13:13:11'),
(1055, 29, 102, 2, 0, 'qaj2qfjeji3kda792m1e8u5d24', '2017-05-26 13:13:11'),
(1056, 29, 102, 3, 0, 'r0m1ij6nd2k9ok0gc7bs0apl03', '2017-05-26 13:13:11'),
(1057, 29, 102, 2, 0, 'mkjjncloo15pahes2k02v43o60', '2017-05-26 13:13:11'),
(1058, 29, 102, 2, 0, '154li793f23imk9ubaqoe3eqs1', '2017-05-26 13:13:12'),
(1059, 29, 102, 2, 0, '9n6egjbrfjj2oomq1830d0k9f5', '2017-05-26 13:13:12'),
(1060, 29, 102, 2, 0, 's4132qtpu6606khj1038eg3md3', '2017-05-26 13:13:12'),
(1061, 29, 102, 2, 0, '6t3ce6q33ci3ngtlvu3emjo4s4', '2017-05-26 13:13:12'),
(1062, 29, 102, 2, 0, 'bpis4jibcobcb88o9h55cg4987', '2017-05-26 13:13:13'),
(1063, 29, 102, 2, 0, 'nki5l85ajjhmu39c78qnlkpab3', '2017-05-26 13:13:13'),
(1064, 29, 102, 2, 0, 'b2hs7m3blq2eqgq70cinq1te50', '2017-05-26 13:13:13'),
(1065, 29, 102, 4, 0, 'uekst05o1l0c8jr5n901k496j0', '2017-05-26 13:13:14'),
(1066, 29, 102, 2, 0, '5a10569j3jrqrqgmq5l2s5c1d6', '2017-05-26 13:13:15'),
(1067, 29, 102, 2, 0, 'fh2fpnjeh9edr1h2u71t4lfc46', '2017-05-26 13:13:15'),
(1068, 29, 102, 2, 0, '56itcacnsd25ti03iotf718nm0', '2017-05-26 13:13:15'),
(1069, 29, 102, 2, 0, 'krm776lnt5q26id8bpq6f6e7b1', '2017-05-26 13:13:15'),
(1070, 29, 102, 2, 0, 'fp5s64tm9fsi2je3olhds3btk4', '2017-05-26 13:13:16'),
(1071, 29, 102, 2, 0, '8e76i12p0i8689kqjkim13qmm0', '2017-05-26 13:13:16'),
(1072, 29, 102, 2, 0, 'nq6c9rg3u52v9b6n83epld6dm0', '2017-05-26 13:13:18'),
(1073, 29, 102, 2, 0, 'r3ja7598gm3gcud6gqdhfceuj0', '2017-05-26 13:13:18'),
(1074, 29, 102, 2, 0, '51g4569dub5qfulff6te9sk7u3', '2017-05-26 13:13:21'),
(1075, 29, 102, 2, 0, '0dvjbrf289peh3kqj3umhn5vm4', '2017-05-26 13:13:24'),
(1076, 29, 102, 3, 0, 'ku5rp54m5js9nveu9dbdg4uov1', '2017-05-26 13:13:26'),
(1077, 29, 103, 1, 0, 'mkjjncloo15pahes2k02v43o60', '2017-05-26 13:14:51'),
(1078, 29, 103, 1, 0, 'b9osdofc9j0t0uquqnhagd07m0', '2017-05-26 13:14:51'),
(1079, 29, 103, 1, 0, '1a66isda1r10br3ju02hloiki5', '2017-05-26 13:14:51'),
(1080, 29, 103, 1, 0, 'il9n3ugorl1s1sleo65kgjmhi6', '2017-05-26 13:14:51'),
(1081, 29, 103, 4, 0, 'odgr8uuhd0ei3s05ao3efsp4s6', '2017-05-26 13:14:51'),
(1082, 29, 103, 3, 0, '279p5d9knj1mu5vts76glgqu94', '2017-05-26 13:14:51'),
(1083, 29, 103, 1, 0, '20qehehuttpt4mtor097ejnoh3', '2017-05-26 13:14:52'),
(1084, 29, 103, 4, 0, 'nbv41qd7h0fv9orb3dtskg1ah4', '2017-05-26 13:14:52'),
(1085, 29, 103, 1, 0, 'gj8n09jffon36hlsjgtc31t4s6', '2017-05-26 13:14:52'),
(1086, 29, 103, 1, 0, 'g6brjsvchfa2do3hrdpmflqvc0', '2017-05-26 13:14:52'),
(1087, 29, 103, 1, 0, 't9cc3jn4tjjrnlku78ajvtnkp7', '2017-05-26 13:14:53'),
(1088, 29, 103, 1, 0, '661no6ocqd2prgkut79ps87620', '2017-05-26 13:14:53'),
(1089, 29, 103, 1, 0, 'l6ehmj3c43cvfqe4523rimn3b2', '2017-05-26 13:14:53'),
(1090, 29, 103, 1, 0, '56itcacnsd25ti03iotf718nm0', '2017-05-26 13:14:53'),
(1091, 29, 103, 4, 0, '51g4569dub5qfulff6te9sk7u3', '2017-05-26 13:14:53'),
(1092, 29, 103, 1, 0, 'nq6c9rg3u52v9b6n83epld6dm0', '2017-05-26 13:14:53'),
(1093, 29, 103, 1, 0, 's4132qtpu6606khj1038eg3md3', '2017-05-26 13:14:53'),
(1094, 29, 103, 1, 0, 'smq8506qodbfpn68bg171p78k3', '2017-05-26 13:14:53'),
(1095, 29, 103, 4, 0, 'h9r5fi4qk7utpqb7jt8fgigfh5', '2017-05-26 13:14:54'),
(1096, 29, 103, 1, 0, 'bja8bquvtein2mqh3pmgbij1l0', '2017-05-26 13:14:54'),
(1097, 29, 103, 1, 0, 'j2drlk48h3nbfedm2jc3bl8vs1', '2017-05-26 13:14:54'),
(1098, 29, 103, 1, 0, 'brqjqmee19qe0fdj8cfhpdpc37', '2017-05-26 13:14:54'),
(1099, 29, 103, 1, 0, 'cnb4el5b3qe7hl5h0ftkc0epe6', '2017-05-26 13:14:54'),
(1100, 29, 103, 4, 0, 'jdqp9rdgkuq4ch4mignv84qsf5', '2017-05-26 13:14:54'),
(1101, 29, 103, 4, 0, 'qdf7n2cfdq3svcoo8qh8i6k8c7', '2017-05-26 13:14:54'),
(1102, 29, 103, 1, 0, 'bpis4jibcobcb88o9h55cg4987', '2017-05-26 13:14:54'),
(1103, 29, 103, 1, 0, 'a7r0hcsl8sjt6odgg4ujihtvb6', '2017-05-26 13:14:54'),
(1104, 29, 103, 1, 0, 'gceq5a60g3r8l26c5h7kjl72c4', '2017-05-26 13:14:55'),
(1105, 29, 103, 1, 0, 'fp5s64tm9fsi2je3olhds3btk4', '2017-05-26 13:14:55'),
(1106, 29, 103, 1, 0, 'cggdatdqqtal9fgddgd60e0cf7', '2017-05-26 13:14:55'),
(1107, 29, 103, 4, 0, 'bb0vpc239ijp8k95l6eodorr85', '2017-05-26 13:14:55'),
(1108, 29, 103, 4, 0, 'r3ja7598gm3gcud6gqdhfceuj0', '2017-05-26 13:14:55'),
(1109, 29, 103, 3, 0, '7hjrqbbitfl7lunooni4ka7sa1', '2017-05-26 13:14:55'),
(1110, 29, 103, 1, 0, '8e76i12p0i8689kqjkim13qmm0', '2017-05-26 13:14:55'),
(1111, 29, 103, 1, 0, 'krm776lnt5q26id8bpq6f6e7b1', '2017-05-26 13:14:55'),
(1112, 29, 103, 1, 0, '6chvrpgqga8mqm54oapoqesk37', '2017-05-26 13:14:56'),
(1113, 29, 103, 1, 0, 'kmpkddktioou5au1qd1aus2sr7', '2017-05-26 13:14:56'),
(1114, 29, 103, 1, 0, 'mjpph5988h7kmjgp33ivk3oad5', '2017-05-26 13:14:56'),
(1115, 29, 103, 1, 0, 'pqifqj3cgmumuvibdik52srt00', '2017-05-26 13:14:56'),
(1116, 29, 103, 4, 0, '6t3ce6q33ci3ngtlvu3emjo4s4', '2017-05-26 13:14:56'),
(1117, 29, 103, 1, 0, 'gbukn3qs9be9qsfutdvts3ujg0', '2017-05-26 13:14:56'),
(1118, 29, 103, 1, 0, 'j6t6h1f7v3d3sfrv1eee5mk9t5', '2017-05-26 13:14:56'),
(1119, 29, 103, 2, 0, '3beo2veuci6gnv8bdd4ka86ev4', '2017-05-26 13:14:56'),
(1120, 29, 103, 1, 0, 'md2k2lvbenafn9s5v7infc60q1', '2017-05-26 13:14:57'),
(1121, 29, 103, 1, 0, 'e71j40tsbgqlsciirplnc9c5t2', '2017-05-26 13:14:57'),
(1122, 29, 103, 4, 0, '4mdoshatmmku1iu7ia0a7jhd52', '2017-05-26 13:14:57'),
(1123, 29, 103, 1, 0, '548ju32u8iestaa1gee44be1c7', '2017-05-26 13:14:57'),
(1124, 29, 103, 3, 0, 'h8gp5bhl339kbkqitf4ce7tv32', '2017-05-26 13:14:57'),
(1125, 29, 103, 1, 0, '154li793f23imk9ubaqoe3eqs1', '2017-05-26 13:14:58'),
(1126, 29, 103, 1, 0, 'qaj2qfjeji3kda792m1e8u5d24', '2017-05-26 13:14:58'),
(1127, 29, 103, 1, 0, '7jse43f7tic50v1vh5gpm8its7', '2017-05-26 13:14:58'),
(1128, 29, 103, 1, 0, 'vbr3i5fr8fipnk7hs60vr1g8j1', '2017-05-26 13:14:58'),
(1129, 29, 103, 1, 0, 'ku5rp54m5js9nveu9dbdg4uov1', '2017-05-26 13:14:59'),
(1130, 29, 103, 1, 0, 'jli1qannb2ihjms51n7lc9qv35', '2017-05-26 13:15:00'),
(1131, 29, 103, 1, 0, 'n14a2ooqtohq31438m7f3tkkv2', '2017-05-26 13:15:00'),
(1132, 29, 103, 1, 0, 'kuive5kjr1mfatj3m10rsscp95', '2017-05-26 13:15:00'),
(1133, 29, 103, 3, 0, 'nah1cjurtgn1dm3dn28a331ev1', '2017-05-26 13:15:02'),
(1134, 29, 103, 1, 0, '0dvjbrf289peh3kqj3umhn5vm4', '2017-05-26 13:15:02'),
(1135, 29, 103, 4, 0, 'hjmjhcm5hsudcsnsktktugbk02', '2017-05-26 13:15:02'),
(1136, 29, 103, 1, 0, 'r0m1ij6nd2k9ok0gc7bs0apl03', '2017-05-26 13:15:03'),
(1137, 29, 103, 1, 0, 'gooiqu4112g0c9hu5c0lmdlnt7', '2017-05-26 13:15:04'),
(1138, 29, 103, 1, 0, 'ga51q6imhk3notg2tvvoigthq2', '2017-05-26 13:15:05'),
(1139, 29, 103, 1, 0, 'uekst05o1l0c8jr5n901k496j0', '2017-05-26 13:15:05'),
(1140, 29, 103, 1, 0, 'mrt61hs1hofcapdjp8tuc81rd3', '2017-05-26 13:15:05'),
(1141, 29, 103, 4, 0, '8vr0u2b6f90h95ocda7esq00t7', '2017-05-26 13:15:09'),
(1142, 29, 103, 1, 0, '5a10569j3jrqrqgmq5l2s5c1d6', '2017-05-26 13:15:09'),
(1143, 29, 103, 3, 0, 'kpojndnqb1v0ppfefj451cf2s4', '2017-05-26 13:15:09'),
(1144, 29, 103, 1, 0, 'nki5l85ajjhmu39c78qnlkpab3', '2017-05-26 13:15:10'),
(1145, 29, 103, 1, 0, 'fh2fpnjeh9edr1h2u71t4lfc46', '2017-05-26 13:15:13'),
(1146, 29, 103, 4, 0, 'e92tnb9prb66kra9a6o3krva04', '2017-05-26 13:15:13'),
(1147, 29, 103, 1, 0, 'onjbabp9debd0d24ogis1ha0k6', '2017-05-26 13:15:14'),
(1148, 29, 103, 1, 0, 'u8rg481gi36apjotb7fqi8pa40', '2017-05-26 13:15:14'),
(1149, 29, 103, 1, 0, 'b2hs7m3blq2eqgq70cinq1te50', '2017-05-26 13:15:16'),
(1150, 29, 103, 1, 0, 'ik4apjjf9632k1c5atphn0dn37', '2017-05-26 13:15:19'),
(1151, 29, 104, 3, 0, 'smq8506qodbfpn68bg171p78k3', '2017-05-26 13:17:23'),
(1152, 29, 104, 3, 0, 'e71j40tsbgqlsciirplnc9c5t2', '2017-05-26 13:17:23'),
(1153, 29, 104, 3, 0, 'r0m1ij6nd2k9ok0gc7bs0apl03', '2017-05-26 13:17:23'),
(1154, 29, 104, 3, 0, 'brqjqmee19qe0fdj8cfhpdpc37', '2017-05-26 13:17:23'),
(1155, 29, 104, 3, 0, '20qehehuttpt4mtor097ejnoh3', '2017-05-26 13:17:23'),
(1156, 29, 104, 3, 0, 'jli1qannb2ihjms51n7lc9qv35', '2017-05-26 13:17:23'),
(1157, 29, 104, 3, 0, '51g4569dub5qfulff6te9sk7u3', '2017-05-26 13:17:23'),
(1158, 29, 104, 3, 0, '8vr0u2b6f90h95ocda7esq00t7', '2017-05-26 13:17:23'),
(1159, 29, 104, 3, 0, '1a66isda1r10br3ju02hloiki5', '2017-05-26 13:17:24'),
(1160, 29, 104, 3, 0, 'h8gp5bhl339kbkqitf4ce7tv32', '2017-05-26 13:17:24'),
(1161, 29, 104, 3, 0, '56itcacnsd25ti03iotf718nm0', '2017-05-26 13:17:24'),
(1162, 29, 104, 3, 0, '5a10569j3jrqrqgmq5l2s5c1d6', '2017-05-26 13:17:24'),
(1163, 29, 104, 3, 0, '4mdoshatmmku1iu7ia0a7jhd52', '2017-05-26 13:17:24'),
(1164, 29, 104, 3, 0, 'g6brjsvchfa2do3hrdpmflqvc0', '2017-05-26 13:17:24'),
(1165, 29, 104, 3, 0, '279p5d9knj1mu5vts76glgqu94', '2017-05-26 13:17:24'),
(1166, 29, 104, 3, 0, 'gj8n09jffon36hlsjgtc31t4s6', '2017-05-26 13:17:24'),
(1167, 29, 104, 3, 0, '7jse43f7tic50v1vh5gpm8its7', '2017-05-26 13:17:24'),
(1168, 29, 104, 3, 0, 'bja8bquvtein2mqh3pmgbij1l0', '2017-05-26 13:17:24'),
(1169, 29, 104, 3, 0, 'bpis4jibcobcb88o9h55cg4987', '2017-05-26 13:17:24'),
(1170, 29, 104, 3, 0, 't9cc3jn4tjjrnlku78ajvtnkp7', '2017-05-26 13:17:24'),
(1171, 29, 104, 3, 0, 'b2hs7m3blq2eqgq70cinq1te50', '2017-05-26 13:17:24'),
(1172, 29, 104, 3, 0, 'gbukn3qs9be9qsfutdvts3ujg0', '2017-05-26 13:17:24'),
(1173, 29, 104, 3, 0, 'onjbabp9debd0d24ogis1ha0k6', '2017-05-26 13:17:24'),
(1174, 29, 104, 3, 0, '661no6ocqd2prgkut79ps87620', '2017-05-26 13:17:24'),
(1175, 29, 104, 3, 0, 'cggdatdqqtal9fgddgd60e0cf7', '2017-05-26 13:17:24'),
(1176, 29, 104, 3, 0, 'nah1cjurtgn1dm3dn28a331ev1', '2017-05-26 13:17:24'),
(1177, 29, 104, 3, 0, 'a7r0hcsl8sjt6odgg4ujihtvb6', '2017-05-26 13:17:25'),
(1178, 29, 104, 3, 0, 'ik4apjjf9632k1c5atphn0dn37', '2017-05-26 13:17:25'),
(1179, 29, 104, 3, 0, 'md2k2lvbenafn9s5v7infc60q1', '2017-05-26 13:17:25'),
(1180, 29, 104, 3, 0, '7hjrqbbitfl7lunooni4ka7sa1', '2017-05-26 13:17:25'),
(1181, 29, 104, 3, 0, 'krm776lnt5q26id8bpq6f6e7b1', '2017-05-26 13:17:25'),
(1182, 29, 104, 3, 0, 'uekst05o1l0c8jr5n901k496j0', '2017-05-26 13:17:25'),
(1183, 29, 104, 3, 0, 'u8rg481gi36apjotb7fqi8pa40', '2017-05-26 13:17:25'),
(1184, 29, 104, 3, 0, 'qdf7n2cfdq3svcoo8qh8i6k8c7', '2017-05-26 13:17:25'),
(1185, 29, 104, 3, 0, 'nbv41qd7h0fv9orb3dtskg1ah4', '2017-05-26 13:17:25'),
(1186, 29, 104, 3, 0, 'n14a2ooqtohq31438m7f3tkkv2', '2017-05-26 13:17:25'),
(1187, 29, 104, 3, 0, '548ju32u8iestaa1gee44be1c7', '2017-05-26 13:17:25'),
(1188, 29, 104, 3, 0, 'ku5rp54m5js9nveu9dbdg4uov1', '2017-05-26 13:17:25'),
(1189, 29, 104, 3, 0, 'l6ehmj3c43cvfqe4523rimn3b2', '2017-05-26 13:17:25'),
(1190, 29, 104, 3, 0, 'gceq5a60g3r8l26c5h7kjl72c4', '2017-05-26 13:17:25'),
(1191, 29, 104, 3, 0, 's4132qtpu6606khj1038eg3md3', '2017-05-26 13:17:25'),
(1192, 29, 104, 3, 0, 'vbr3i5fr8fipnk7hs60vr1g8j1', '2017-05-26 13:17:25'),
(1193, 29, 104, 3, 0, 'fh2fpnjeh9edr1h2u71t4lfc46', '2017-05-26 13:17:25'),
(1194, 29, 104, 3, 0, 'r3ja7598gm3gcud6gqdhfceuj0', '2017-05-26 13:17:25'),
(1195, 29, 104, 3, 0, 'kmpkddktioou5au1qd1aus2sr7', '2017-05-26 13:17:25'),
(1196, 29, 104, 3, 0, 'nki5l85ajjhmu39c78qnlkpab3', '2017-05-26 13:17:25'),
(1197, 29, 104, 3, 0, 'hjmjhcm5hsudcsnsktktugbk02', '2017-05-26 13:17:25'),
(1198, 29, 104, 3, 0, 'nq6c9rg3u52v9b6n83epld6dm0', '2017-05-26 13:17:26'),
(1199, 29, 104, 3, 0, 'j2drlk48h3nbfedm2jc3bl8vs1', '2017-05-26 13:17:26'),
(1200, 29, 104, 3, 0, 'cnb4el5b3qe7hl5h0ftkc0epe6', '2017-05-26 13:17:26'),
(1201, 29, 104, 3, 0, 'kuive5kjr1mfatj3m10rsscp95', '2017-05-26 13:17:26'),
(1202, 29, 104, 3, 0, 'qaj2qfjeji3kda792m1e8u5d24', '2017-05-26 13:17:26'),
(1203, 29, 104, 3, 0, 'jdqp9rdgkuq4ch4mignv84qsf5', '2017-05-26 13:17:26'),
(1204, 29, 104, 3, 0, 'bb0vpc239ijp8k95l6eodorr85', '2017-05-26 13:17:27'),
(1205, 29, 104, 3, 0, '6t3ce6q33ci3ngtlvu3emjo4s4', '2017-05-26 13:17:27'),
(1206, 29, 104, 1, 0, 'mkjjncloo15pahes2k02v43o60', '2017-05-26 13:17:27'),
(1207, 29, 104, 3, 0, 'gooiqu4112g0c9hu5c0lmdlnt7', '2017-05-26 13:17:27'),
(1208, 29, 104, 3, 0, 'mrt61hs1hofcapdjp8tuc81rd3', '2017-05-26 13:17:27'),
(1209, 29, 104, 3, 0, '154li793f23imk9ubaqoe3eqs1', '2017-05-26 13:17:27'),
(1210, 29, 104, 3, 0, '8e76i12p0i8689kqjkim13qmm0', '2017-05-26 13:17:27'),
(1211, 29, 104, 3, 0, 'il9n3ugorl1s1sleo65kgjmhi6', '2017-05-26 13:17:27'),
(1212, 29, 104, 3, 0, '3beo2veuci6gnv8bdd4ka86ev4', '2017-05-26 13:17:28'),
(1213, 29, 104, 3, 0, 'j7o9b9qk3mvbsvf0lsqisn56n1', '2017-05-26 13:17:28'),
(1214, 29, 104, 3, 0, 'fp5s64tm9fsi2je3olhds3btk4', '2017-05-26 13:17:28'),
(1215, 29, 104, 3, 0, 'mjpph5988h7kmjgp33ivk3oad5', '2017-05-26 13:17:28'),
(1216, 29, 104, 3, 0, 'hj054d949g6l51s1qt67fvj697', '2017-05-26 13:17:29'),
(1217, 29, 104, 3, 0, '0dvjbrf289peh3kqj3umhn5vm4', '2017-05-26 13:17:29'),
(1218, 29, 104, 3, 0, '6chvrpgqga8mqm54oapoqesk37', '2017-05-26 13:17:30'),
(1219, 29, 104, 3, 0, '9n6egjbrfjj2oomq1830d0k9f5', '2017-05-26 13:17:32'),
(1220, 29, 104, 3, 0, 'h9r5fi4qk7utpqb7jt8fgigfh5', '2017-05-26 13:17:34'),
(1221, 29, 104, 3, 0, 'j6t6h1f7v3d3sfrv1eee5mk9t5', '2017-05-26 13:17:35'),
(1222, 29, 104, 3, 0, 'b9osdofc9j0t0uquqnhagd07m0', '2017-05-26 13:17:37'),
(1223, 29, 105, 2, 0, '8e76i12p0i8689kqjkim13qmm0', '2017-05-26 13:19:08'),
(1224, 29, 105, 2, 0, '4mdoshatmmku1iu7ia0a7jhd52', '2017-05-26 13:19:08'),
(1225, 29, 105, 2, 0, 'onjbabp9debd0d24ogis1ha0k6', '2017-05-26 13:19:08'),
(1226, 29, 105, 2, 0, 'j7o9b9qk3mvbsvf0lsqisn56n1', '2017-05-26 13:19:08'),
(1227, 29, 105, 2, 0, '7jse43f7tic50v1vh5gpm8its7', '2017-05-26 13:19:08'),
(1228, 29, 105, 2, 0, 'l6ehmj3c43cvfqe4523rimn3b2', '2017-05-26 13:19:08'),
(1229, 29, 105, 2, 0, 'r0m1ij6nd2k9ok0gc7bs0apl03', '2017-05-26 13:19:08'),
(1230, 29, 105, 2, 0, 'g6brjsvchfa2do3hrdpmflqvc0', '2017-05-26 13:19:09'),
(1231, 29, 105, 2, 0, 'fp5s64tm9fsi2je3olhds3btk4', '2017-05-26 13:19:09'),
(1232, 29, 105, 2, 0, 'gooiqu4112g0c9hu5c0lmdlnt7', '2017-05-26 13:19:09'),
(1233, 29, 105, 2, 0, 'uekst05o1l0c8jr5n901k496j0', '2017-05-26 13:19:09'),
(1234, 29, 105, 2, 0, 'bpis4jibcobcb88o9h55cg4987', '2017-05-26 13:19:09'),
(1235, 29, 105, 2, 0, 'cnb4el5b3qe7hl5h0ftkc0epe6', '2017-05-26 13:19:09'),
(1236, 29, 105, 2, 0, 'gbukn3qs9be9qsfutdvts3ujg0', '2017-05-26 13:19:09'),
(1237, 29, 105, 2, 0, 'ik4apjjf9632k1c5atphn0dn37', '2017-05-26 13:19:09'),
(1238, 29, 105, 1, 0, 'nbv41qd7h0fv9orb3dtskg1ah4', '2017-05-26 13:19:09'),
(1239, 29, 105, 2, 0, '7hjrqbbitfl7lunooni4ka7sa1', '2017-05-26 13:19:09'),
(1240, 29, 105, 4, 0, 'hjmjhcm5hsudcsnsktktugbk02', '2017-05-26 13:19:09'),
(1241, 29, 105, 2, 0, 'gj8n09jffon36hlsjgtc31t4s6', '2017-05-26 13:19:09'),
(1242, 29, 105, 2, 0, '154li793f23imk9ubaqoe3eqs1', '2017-05-26 13:19:10'),
(1243, 29, 105, 2, 0, 'a7r0hcsl8sjt6odgg4ujihtvb6', '2017-05-26 13:19:10'),
(1244, 29, 105, 2, 0, 'h8gp5bhl339kbkqitf4ce7tv32', '2017-05-26 13:19:10'),
(1245, 29, 105, 2, 0, '279p5d9knj1mu5vts76glgqu94', '2017-05-26 13:19:10'),
(1246, 29, 105, 2, 0, 'tu8c1skbje64rct9it915alr56', '2017-05-26 13:19:10'),
(1247, 29, 105, 2, 0, '8vr0u2b6f90h95ocda7esq00t7', '2017-05-26 13:19:10'),
(1248, 29, 105, 2, 0, 'bja8bquvtein2mqh3pmgbij1l0', '2017-05-26 13:19:11'),
(1249, 29, 105, 4, 0, '56itcacnsd25ti03iotf718nm0', '2017-05-26 13:19:11'),
(1250, 29, 105, 2, 0, '3beo2veuci6gnv8bdd4ka86ev4', '2017-05-26 13:19:11'),
(1251, 29, 105, 2, 0, 'md2k2lvbenafn9s5v7infc60q1', '2017-05-26 13:19:11'),
(1252, 29, 105, 2, 0, '661no6ocqd2prgkut79ps87620', '2017-05-26 13:19:11'),
(1253, 29, 105, 2, 0, 'gceq5a60g3r8l26c5h7kjl72c4', '2017-05-26 13:19:11'),
(1254, 29, 105, 2, 0, 'mjpph5988h7kmjgp33ivk3oad5', '2017-05-26 13:19:11'),
(1255, 29, 105, 1, 0, '6t3ce6q33ci3ngtlvu3emjo4s4', '2017-05-26 13:19:11'),
(1256, 29, 105, 4, 0, 'j2drlk48h3nbfedm2jc3bl8vs1', '2017-05-26 13:19:12'),
(1257, 29, 105, 2, 0, 'nah1cjurtgn1dm3dn28a331ev1', '2017-05-26 13:19:12'),
(1258, 29, 105, 2, 0, 'ku5rp54m5js9nveu9dbdg4uov1', '2017-05-26 13:19:12'),
(1259, 29, 105, 2, 0, 'qdf7n2cfdq3svcoo8qh8i6k8c7', '2017-05-26 13:19:12'),
(1260, 29, 105, 2, 0, '1a66isda1r10br3ju02hloiki5', '2017-05-26 13:19:12'),
(1261, 29, 105, 2, 0, '51g4569dub5qfulff6te9sk7u3', '2017-05-26 13:19:12'),
(1262, 29, 105, 2, 0, 'b2hs7m3blq2eqgq70cinq1te50', '2017-05-26 13:19:12'),
(1263, 29, 105, 2, 0, 'il9n3ugorl1s1sleo65kgjmhi6', '2017-05-26 13:19:13'),
(1264, 29, 105, 2, 0, 't9cc3jn4tjjrnlku78ajvtnkp7', '2017-05-26 13:19:13'),
(1265, 29, 105, 2, 0, '5a10569j3jrqrqgmq5l2s5c1d6', '2017-05-26 13:19:13'),
(1266, 29, 105, 2, 0, 's4132qtpu6606khj1038eg3md3', '2017-05-26 13:19:13'),
(1267, 29, 105, 2, 0, 'smq8506qodbfpn68bg171p78k3', '2017-05-26 13:19:13'),
(1268, 29, 105, 4, 0, 'kpojndnqb1v0ppfefj451cf2s4', '2017-05-26 13:19:14'),
(1269, 29, 105, 2, 0, 'kuive5kjr1mfatj3m10rsscp95', '2017-05-26 13:19:14'),
(1270, 29, 105, 2, 0, 'hj054d949g6l51s1qt67fvj697', '2017-05-26 13:19:15'),
(1271, 29, 105, 3, 0, 'h9r5fi4qk7utpqb7jt8fgigfh5', '2017-05-26 13:19:15'),
(1272, 29, 105, 2, 0, 'krm776lnt5q26id8bpq6f6e7b1', '2017-05-26 13:19:15'),
(1273, 29, 105, 2, 0, '20qehehuttpt4mtor097ejnoh3', '2017-05-26 13:19:15'),
(1274, 29, 105, 4, 0, 'kmpkddktioou5au1qd1aus2sr7', '2017-05-26 13:19:15'),
(1275, 29, 105, 2, 0, 'cggdatdqqtal9fgddgd60e0cf7', '2017-05-26 13:19:16'),
(1276, 29, 105, 2, 0, 'e71j40tsbgqlsciirplnc9c5t2', '2017-05-26 13:19:17'),
(1277, 29, 105, 2, 0, 'n14a2ooqtohq31438m7f3tkkv2', '2017-05-26 13:19:17'),
(1278, 29, 105, 2, 0, 'r3ja7598gm3gcud6gqdhfceuj0', '2017-05-26 13:19:17'),
(1279, 29, 105, 2, 0, 'bb0vpc239ijp8k95l6eodorr85', '2017-05-26 13:19:19'),
(1280, 29, 105, 2, 0, 'j6t6h1f7v3d3sfrv1eee5mk9t5', '2017-05-26 13:19:19'),
(1281, 29, 105, 2, 0, 'nq6c9rg3u52v9b6n83epld6dm0', '2017-05-26 13:19:19'),
(1282, 29, 105, 3, 0, 'mkjjncloo15pahes2k02v43o60', '2017-05-26 13:19:20'),
(1283, 29, 105, 2, 0, 'nki5l85ajjhmu39c78qnlkpab3', '2017-05-26 13:19:20'),
(1284, 29, 105, 2, 0, 'pqifqj3cgmumuvibdik52srt00', '2017-05-26 13:19:20'),
(1285, 29, 105, 4, 0, 'vbr3i5fr8fipnk7hs60vr1g8j1', '2017-05-26 13:19:22'),
(1286, 29, 105, 2, 0, 'b9osdofc9j0t0uquqnhagd07m0', '2017-05-26 13:19:23'),
(1287, 29, 105, 2, 0, 'jli1qannb2ihjms51n7lc9qv35', '2017-05-26 13:19:23'),
(1288, 29, 105, 4, 0, 'jdqp9rdgkuq4ch4mignv84qsf5', '2017-05-26 13:19:26'),
(1289, 29, 105, 2, 0, 'mrt61hs1hofcapdjp8tuc81rd3', '2017-05-26 13:19:28'),
(1290, 29, 105, 2, 0, 'ga51q6imhk3notg2tvvoigthq2', '2017-05-26 13:19:28'),
(1291, 29, 105, 2, 0, 'fh2fpnjeh9edr1h2u71t4lfc46', '2017-05-26 13:19:28'),
(1292, 29, 105, 2, 0, '0dvjbrf289peh3kqj3umhn5vm4', '2017-05-26 13:19:29'),
(1293, 29, 105, 2, 0, 'qaj2qfjeji3kda792m1e8u5d24', '2017-05-26 13:19:33'),
(1294, 29, 105, 2, 0, '9n6egjbrfjj2oomq1830d0k9f5', '2017-05-26 13:19:36'),
(1295, 29, 105, 2, 0, '548ju32u8iestaa1gee44be1c7', '2017-05-26 13:19:39'),
(1296, 19, 41, 2, 0, 'a73bejtn6alb8ujk2i0meustf0', '2017-07-18 11:46:27'),
(1297, 19, 41, 2, 15, 'sqgfj5ht0s48cf8no953v62i11', '2017-07-18 11:46:52'),
(1298, 19, 42, 1, 15, 'sqgfj5ht0s48cf8no953v62i11', '2017-07-18 12:38:34'),
(1299, 19, 48, 2, 15, 'sqgfj5ht0s48cf8no953v62i11', '2017-07-18 12:48:34'),
(1300, 19, 42, 2, 1, 'fpg7fdj248cn4kpiqm1eabrp46', '2017-07-19 09:04:40'),
(1301, 19, 41, 3, 1, 'fpg7fdj248cn4kpiqm1eabrp46', '2017-07-19 09:04:48'),
(1302, 19, 48, 3, 1, 'fpg7fdj248cn4kpiqm1eabrp46', '2017-07-19 09:05:11'),
(1303, 19, 51, 1, 1, 'fpg7fdj248cn4kpiqm1eabrp46', '2017-07-19 09:05:47'),
(1304, 19, 53, 4, 1, 'fpg7fdj248cn4kpiqm1eabrp46', '2017-07-19 09:06:04'),
(1305, 19, 54, 1, 1, 'fpg7fdj248cn4kpiqm1eabrp46', '2017-07-19 09:06:25'),
(1306, 29, 97, 3, 21, 'i1qatccp2uohch1mgdjcconl66', '2017-07-19 11:46:59'),
(1307, 29, 99, 1, 21, 'i1qatccp2uohch1mgdjcconl66', '2017-07-19 11:47:23'),
(1308, 29, 100, 2, 21, 'i1qatccp2uohch1mgdjcconl66', '2017-07-19 11:47:47'),
(1309, 29, 101, 1, 21, 'i1qatccp2uohch1mgdjcconl66', '2017-07-19 11:48:03'),
(1310, 29, 102, 3, 21, 'i1qatccp2uohch1mgdjcconl66', '2017-07-19 11:48:17'),
(1311, 29, 103, 4, 21, 'i1qatccp2uohch1mgdjcconl66', '2017-07-19 11:48:31'),
(1312, 29, 104, 2, 21, 'i1qatccp2uohch1mgdjcconl66', '2017-07-19 11:48:51'),
(1313, 29, 105, 2, 21, 'i1qatccp2uohch1mgdjcconl66', '2017-07-19 11:49:11'),
(1314, 29, 106, 1, 21, 'i1qatccp2uohch1mgdjcconl66', '2017-07-19 11:49:27'),
(1318, 27, 69, 2, 23, 'gnup2c8o5knqkrse2bri0rs2o6', '2017-07-19 12:06:15'),
(1319, 27, 69, 3, 22, 'jvife5s40v12f4lg0qebgk5i01', '2017-07-19 12:06:24'),
(1320, 27, 69, 3, 24, 'gdc6f8vbi5q720jh6l34rdgrq1', '2017-07-19 12:06:33'),
(1321, 27, 68, 1, 23, 'gnup2c8o5knqkrse2bri0rs2o6', '2017-07-19 12:06:45'),
(1322, 27, 68, 1, 24, 'gdc6f8vbi5q720jh6l34rdgrq1', '2017-07-19 12:06:54'),
(1323, 27, 68, 1, 22, 'jvife5s40v12f4lg0qebgk5i01', '2017-07-19 12:06:58'),
(1324, 27, 70, 3, 23, 'gnup2c8o5knqkrse2bri0rs2o6', '2017-07-19 12:07:08'),
(1325, 27, 70, 1, 22, 'jvife5s40v12f4lg0qebgk5i01', '2017-07-19 12:07:12'),
(1326, 27, 70, 2, 24, 'gdc6f8vbi5q720jh6l34rdgrq1', '2017-07-19 12:07:18'),
(1327, 27, 71, 2, 23, 'gnup2c8o5knqkrse2bri0rs2o6', '2017-07-19 12:07:31'),
(1328, 27, 71, 2, 22, 'jvife5s40v12f4lg0qebgk5i01', '2017-07-19 12:07:35'),
(1329, 27, 71, 1, 24, 'gdc6f8vbi5q720jh6l34rdgrq1', '2017-07-19 12:07:39'),
(1330, 27, 72, 1, 23, 'gnup2c8o5knqkrse2bri0rs2o6', '2017-07-19 12:07:51'),
(1331, 27, 72, 3, 22, 'jvife5s40v12f4lg0qebgk5i01', '2017-07-19 12:07:55'),
(1332, 27, 72, 2, 24, 'gdc6f8vbi5q720jh6l34rdgrq1', '2017-07-19 12:08:00'),
(1333, 27, 73, 3, 23, 'gnup2c8o5knqkrse2bri0rs2o6', '2017-07-19 12:08:12'),
(1334, 27, 73, 1, 22, 'jvife5s40v12f4lg0qebgk5i01', '2017-07-19 12:08:16'),
(1335, 27, 73, 2, 24, 'gdc6f8vbi5q720jh6l34rdgrq1', '2017-07-19 12:08:20'),
(1337, 27, 69, 1, 23, 'e5gqrv58kilco0ghp49l82nqo6', '2017-11-23 10:44:45'),
(1338, 27, 92, 3, 23, 'e5gqrv58kilco0ghp49l82nqo6', '2017-11-23 11:49:35');

--
-- Índices para tablas volcadas
--

--
-- Indices de la tabla `eventos`
--
ALTER TABLE `eventos`
  ADD PRIMARY KEY (`id`);

--
-- Indices de la tabla `preguntas`
--
ALTER TABLE `preguntas`
  ADD PRIMARY KEY (`id`);

--
-- Indices de la tabla `preguntas_history`
--
ALTER TABLE `preguntas_history`
  ADD PRIMARY KEY (`id`);

--
-- Indices de la tabla `respuestas`
--
ALTER TABLE `respuestas`
  ADD PRIMARY KEY (`id`);

--
-- Indices de la tabla `usuarios`
--
ALTER TABLE `usuarios`
  ADD PRIMARY KEY (`id`);

--
-- Indices de la tabla `votos`
--
ALTER TABLE `votos`
  ADD PRIMARY KEY (`id`);

--
-- AUTO_INCREMENT de las tablas volcadas
--

--
-- AUTO_INCREMENT de la tabla `eventos`
--
ALTER TABLE `eventos`
  MODIFY `id` int(11) NOT NULL AUTO_INCREMENT, AUTO_INCREMENT=30;
--
-- AUTO_INCREMENT de la tabla `preguntas`
--
ALTER TABLE `preguntas`
  MODIFY `id` int(11) NOT NULL AUTO_INCREMENT, AUTO_INCREMENT=107;
--
-- AUTO_INCREMENT de la tabla `preguntas_history`
--
ALTER TABLE `preguntas_history`
  MODIFY `id` int(11) NOT NULL AUTO_INCREMENT, AUTO_INCREMENT=190;
--
-- AUTO_INCREMENT de la tabla `respuestas`
--
ALTER TABLE `respuestas`
  MODIFY `id` int(11) NOT NULL AUTO_INCREMENT, AUTO_INCREMENT=406;
--
-- AUTO_INCREMENT de la tabla `usuarios`
--
ALTER TABLE `usuarios`
  MODIFY `id` int(11) NOT NULL AUTO_INCREMENT, AUTO_INCREMENT=26;
--
-- AUTO_INCREMENT de la tabla `votos`
--
ALTER TABLE `votos`
  MODIFY `id` int(11) NOT NULL AUTO_INCREMENT, AUTO_INCREMENT=1339;
/*!40101 SET CHARACTER_SET_CLIENT=@OLD_CHARACTER_SET_CLIENT */;
/*!40101 SET CHARACTER_SET_RESULTS=@OLD_CHARACTER_SET_RESULTS */;
/*!40101 SET COLLATION_CONNECTION=@OLD_COLLATION_CONNECTION */;
